Date,Open,High,Low,Close,Adj Close,Volume
12/18/2018,36.337502,37.5825,36.0625,36.735001,36.449665,56437200
12/19/2018,36.395,36.935001,34.107498,34.627499,34.358528,74536400
12/20/2018,34.5425,35.450001,33.172501,33.775002,33.512653,74958800
12/21/2018,34.0425,34.375,32.115002,32.392502,32.140892,86374000
12/24/2018,31.622499,32.494999,31.125,31.77,31.52323,46384000
12/26/2018,32.235001,33.285,31.115,33.275002,33.016544,69510000
12/27/2018,32.747501,33.095001,31.295,32.7925,32.537792,63704400
12/28/2018,33,34.3475,32.577499,33.412498,33.152973,62872800
12/31/2018,33.849998,34.177502,33.064999,33.375,33.115761,46514000
1/2/2019,32.66,34.619999,32.512501,34.055,33.790478,50875200
1/3/2019,33.447498,33.790001,31.922501,31.997499,31.748955,70555200
1/4/2019,32.735001,34.432499,32.424999,34.047501,33.783035,58562000
1/7/2019,34.625,36.2225,34.107498,35.849998,35.571545,70916000
1/8/2019,36.672501,36.695,34.224998,34.9575,34.685966,78601600
1/9/2019,35.474998,36.122501,34.965,35.645,35.368134,61726000
1/10/2019,35.450001,36.395,34.84,36.307499,36.025475,52315600
1/11/2019,36.0825,37.4375,35.802502,37.2075,36.918488,87476400
1/14/2019,36.68,37.865002,36.442501,37.610001,37.317863,73016800
1/15/2019,37.939999,38.337502,37.282501,37.467499,37.176468,61701200
1/16/2019,37.7425,38.075001,37.154999,37.209999,36.920963,47010400
1/17/2019,36.877499,38.3325,36.602501,37.93,37.63538,49343600
1/18/2019,38.432499,39.494999,37.912498,39.232498,38.927757,65133600
1/22/2019,38.927502,39.044998,36.887501,37.192501,36.90361,66155200
1/23/2019,37.75,38.645,37.0075,37.322498,37.032593,59102000
1/24/2019,38.174999,39.637501,38.127499,39.459999,39.153492,70897200
1/25/2019,38.860001,40.220001,37.825001,40.037498,39.726498,115457200
1/28/2019,34.137501,35.41,32.75,34.502499,34.234497,251152800
1/29/2019,34.037498,34.525002,32.752499,32.900002,32.644451,115393200
1/30/2019,33.6675,34.4925,32.865002,34.3475,34.0807,97422800
1/31/2019,34.314999,36.297501,34.095001,35.9375,35.658348,84285200
2/1/2019,36.125,36.697498,35.645,36.182499,35.901455,62504800
2/4/2019,36.342499,37.669998,36.119999,37.294998,37.005299,52859200
2/5/2019,37.415001,37.857498,37.075001,37.487499,37.196312,54242400
2/6/2019,37.822498,38.900002,37.767502,38.25,37.952885,70246400
2/7/2019,37.782501,37.805,36.422501,36.855,36.568729,63712000
2/8/2019,36.177502,37.150002,36.032501,37.0425,36.754768,46160400
2/11/2019,36.5975,37.145,36.125,36.612499,36.328106,49518000
2/12/2019,37,37.950001,36.855,37.7925,37.498943,59106000
2/13/2019,38.09,38.9575,37.952499,38.220001,37.92313,60537200
2/14/2019,38.209999,38.9175,37.775002,38.6325,38.332424,82726400
2/15/2019,40.737499,40.967499,39.105,39.334999,39.029457,151674800
2/19/2019,39.227501,39.9725,39.035,39.16,38.855824,55189200
2/20/2019,39.455002,40.314999,39.342499,39.637501,39.329601,54098800
2/21/2019,39.764999,40.012501,38.794998,38.942501,38.640018,44854800
2/22/2019,39.465,39.987499,39.327499,39.797501,39.488377,40174000
2/25/2019,40.639999,41.32,39.584999,39.672501,39.364346,65602000
2/26/2019,39.625,40.189999,38.9375,39.275002,38.96994,48846400
2/27/2019,39.130001,39.397499,38.2775,38.852501,38.550716,50025600
2/28/2019,38.75,38.974998,38.34,38.564999,38.304886,32494400
3/1/2019,39.067501,39.537498,38.48,39.112499,38.84869,35718800
3/4/2019,39.5,39.73,38.625,39.195,38.930634,40999200
3/5/2019,39.037498,39.514999,38.490002,39.130001,38.866077,36292400
3/6/2019,39.040001,39.125,37.985001,38.012501,37.756115,40352400
3/7/2019,37.775002,37.872501,36.849998,37.314999,37.063313,45010400
3/8/2019,36.415001,37.767502,36.200001,37.66,37.405991,42241600
3/11/2019,37.897499,40.514999,37.422501,40.285,40.013294,85972800
3/12/2019,40.564999,41.0975,39.797501,40.630001,40.355957,57957600
3/13/2019,41.0075,42.450001,40.932499,42.154999,41.87067,76890000
3/14/2019,42.247501,42.3675,41.3125,41.389999,41.110836,51938400
3/15/2019,41.825001,42.8825,41.790001,42.452499,42.166164,66148400
3/18/2019,42.77,43.3125,41.965,42.237499,41.95261,48699200
3/19/2019,43.189999,44.375,43.02,43.927502,43.631218,85497200
3/20/2019,44.220001,44.7575,43.25,43.599998,43.305923,71914800
3/21/2019,43.8325,46.25,43.782501,45.985001,45.674835,82431200
3/22/2019,45.709999,46.200001,44.235001,44.375,44.075695,74764400
3/25/2019,43.965,44.612499,42.7775,43.445,43.151966,52521200
3/26/2019,44.872501,45.4375,43.650002,44.217499,43.919258,70350800
3/27/2019,44.474998,44.942501,43.424999,44.125,43.827381,47437200
3/28/2019,44.387501,44.974998,43.7775,44.3125,44.013615,48026400
3/29/2019,44.985001,45.134998,44.477501,44.889999,44.587215,45689600
4/1/2019,45.814999,45.875,45.092499,45.57,45.262634,48382400
4/2/2019,45.8125,46.197498,45.380001,45.75,45.441422,44092000
4/3/2019,46.25,47.75,46.200001,47.154999,46.836937,78350400
4/4/2019,47,47.4925,46.432499,47.064999,46.747543,45737600
4/5/2019,47.5,47.912498,47.1325,47.737499,47.415516,48174400
4/8/2019,47.43,48.200001,47.1875,47.947498,47.624096,42419200
4/9/2019,47.610001,47.7225,46.889999,47.314999,46.995861,43997200
4/10/2019,47.307499,48.285,47.262501,48.025002,47.70108,44477200
4/11/2019,48.049999,48.3675,47.387501,47.884998,47.562019,37460000
4/12/2019,48.275002,48.314999,47.415001,47.502499,47.182102,47170800
4/15/2019,47.424999,47.474998,45.775002,46.174999,45.863552,44009200
4/16/2019,46.57,47.2425,46.240002,47.052502,46.735142,39496400
4/17/2019,47.404999,47.615002,46.5975,46.822498,46.506683,35100400
4/18/2019,46.889999,47.232498,46.294998,46.575001,46.26086,38098800
4/22/2019,46.337502,47.275002,46.02,47.1175,46.799702,27993600
4/23/2019,47.25,47.982498,47.1525,47.6675,47.345989,34685600
4/24/2019,47.772499,48.202499,47.16,47.7925,47.470146,31820400
4/25/2019,47.387501,47.612499,45.924999,46.727501,46.412331,49929600
4/26/2019,45.177502,45.2225,43.325001,44.522499,44.222206,86898800
4/29/2019,44.602501,45.112499,43.875,44.8325,44.530109,39192000
4/30/2019,44.5075,45.5075,44.314999,45.25,44.944786,36292000
5/1/2019,45.7775,46.202499,45.115002,45.1175,44.81319,35428000
5/2/2019,45.215,46.217499,44.779999,45.797501,45.488605,39468400
5/3/2019,45.8825,45.982498,45.1325,45.752499,45.443905,33682400
5/6/2019,43.875,45.084999,43.5,44.962502,44.659229,42217600
5/7/2019,44.474998,44.474998,42.7925,43.2775,42.985603,55522000
5/8/2019,43,44.287498,42.880001,43.48,43.186737,41916800
5/9/2019,42.785,42.8825,41.349998,42.547501,42.260521,66024800
5/10/2019,42.237499,42.897499,41,42.205002,41.920334,56950000
5/13/2019,40.875,41.107498,39.452499,39.612499,39.345322,65691200
5/14/2019,40.012501,40.865002,39.622501,40.509998,40.236767,52488000
5/15/2019,39.950001,40.262501,39.352501,39.895,39.625912,50232000
5/16/2019,39.84,40.477501,39.412498,40.047501,39.777382,78108800
5/17/2019,39.625,40.927502,38.735001,39.1325,38.868553,102206800
5/20/2019,38.137501,38.692501,37.6875,37.9375,37.68161,57206400
5/21/2019,38.549999,38.924999,38.16,38.764999,38.503529,36184800
5/22/2019,38.375,38.637501,37.939999,38.049999,37.793354,32586800
5/23/2019,37.422501,37.422501,36.227501,36.830002,36.581589,59184400
5/24/2019,37.02,37.375,36.220001,36.287498,36.042747,35758400
5/28/2019,36.465,36.794998,35.8125,35.8325,35.59082,42835600
5/29/2019,35.352501,35.705002,34.735001,35.084999,34.848343,55980000
5/30/2019,35.077499,35.4375,34.392502,34.7775,34.582359,39430000
5/31/2019,34.285,34.962502,33.8475,33.865002,33.674984,38972000
6/3/2019,33.977501,34.3675,33.150002,33.445,33.257339,47864400
6/4/2019,34.09,35.802502,33.8675,35.75,35.549397,64183600
6/5/2019,36.4925,36.547501,34.955002,35.32,35.121807,51161600
6/6/2019,35.362499,36.192501,35.337502,35.945,35.743305,40814000
6/7/2019,36.005001,36.720001,35.8125,36.375,36.170887,34885600
6/10/2019,36.939999,37.797501,36.939999,37.107498,36.899284,40278000
6/11/2019,37.709999,38.09,37.290001,37.6875,37.476021,38387200
6/12/2019,37.25,37.3125,36.397499,36.549999,36.344917,35889200
6/13/2019,36.772499,37.25,36.595001,37.064999,36.857018,30808000
6/14/2019,36.127499,36.372501,35.709999,36.16,35.9571,39442800
6/17/2019,36.142502,36.630001,35.912498,36.2575,36.05405,27604000
6/18/2019,36.875,38.7775,36.764999,38.220001,38.005543,58192000
6/19/2019,38.575001,38.689999,38.017502,38.279999,38.065205,33164400
6/20/2019,39.192501,39.3325,38.380001,38.525002,38.30883,35016800
6/21/2019,38.375,38.869999,37.875,37.939999,37.727112,43442800
6/24/2019,38.154999,38.462502,37.68,38.165001,37.950836,28294800
6/25/2019,38.215,38.970001,37.842499,37.869999,37.657494,31186800
6/26/2019,39.1525,40.43,39.022499,39.814999,39.591583,58407200
6/27/2019,40.677502,41,40.314999,40.807499,40.578522,44544000
6/28/2019,41.25,41.342499,40.587502,41.057499,40.82711,39766800
7/1/2019,43.142502,43.487499,41.165001,41.5425,41.309406,70975600
7/2/2019,41.375,41.587502,40.424999,40.557499,40.329914,40022800
7/3/2019,40.7925,40.849998,40.084999,40.6875,40.459194,24663600
7/5/2019,40.099998,40.145,39.419998,40.057499,39.832737,39655200
7/8/2019,39.4575,39.647499,39,39.302502,39.081974,32978800
7/9/2019,38.877499,39.610001,38.75,39.327499,39.106819,34286000
7/10/2019,39.764999,40.592499,39.625,40.014999,39.79047,45207600
7/11/2019,40.75,41.98,40.375,41.57,41.336746,68256000
7/12/2019,41.849998,42.6175,41.849998,41.9025,41.667381,50639200
7/15/2019,42.115002,42.2775,41.532501,41.817501,41.582855,28984000
7/16/2019,41.6675,42.0425,41.209999,41.77,41.535618,34144400
7/17/2019,41.787498,42.497501,41.4925,42.427502,42.18943,34820400
7/18/2019,42.532501,43.177502,41.962502,42.544998,42.306267,44219200
7/19/2019,42.93,42.994999,42.049999,42.110001,41.873711,34489600
7/22/2019,42.325001,42.959999,42.25,42.830002,42.589668,31594000
7/23/2019,43.224998,43.935001,43.067501,43.915001,43.668583,42817600
7/24/2019,44.349998,44.7225,43.584999,44.665001,44.414383,36623600
7/25/2019,44.247501,44.375,43.110001,43.345001,43.10178,39270000
7/26/2019,43.6175,44.237499,43.6175,43.767502,43.521908,27416000
7/29/2019,43.695,43.8675,42.817501,43.705002,43.459774,24816000
7/30/2019,43.237499,43.985001,43.092499,43.862499,43.616379,19777200
7/31/2019,43.544998,43.555,41.755001,42.18,41.943321,35941600
8/1/2019,42.285,43.195,40.705002,41.23,40.998657,42121200
8/2/2019,40.297501,40.994999,39.82,40.297501,40.071377,42834800
8/5/2019,38.450001,38.462502,37.224998,37.697498,37.485973,58915600
8/6/2019,38.450001,38.907501,37.607498,38.087502,37.873787,36127200
8/7/2019,37.474998,38.592499,37.299999,38.4725,38.256622,37256000
8/8/2019,39.052502,39.577499,38.474998,39.564999,39.342991,30930000
8/9/2019,39.1525,39.1875,38.037498,38.544998,38.328716,34181600
8/12/2019,38.02,38.544998,37.642502,37.862499,37.650047,27920000
8/13/2019,37.8475,39.474998,37.455002,39.012501,38.793594,35195600
8/14/2019,38.125,38.237499,37.077499,37.517502,37.306984,41988000
8/15/2019,37.7075,37.907501,36.8475,37.192501,36.983807,47720000
8/16/2019,39.837502,40.384998,39.220001,39.889999,39.666172,100796000
8/19/2019,41.029999,42.855,40.8675,42.695,42.455429,81511200
8/20/2019,42.639999,42.645,41.755001,41.967499,41.732014,46318800
8/21/2019,42.6325,43.362499,42.415001,42.807499,42.567295,42724400
8/22/2019,42.904999,43.3325,42.474998,42.869999,42.629448,30348800
8/23/2019,42.099998,42.647499,40.41,40.610001,40.38213,56805600
8/26/2019,41.4025,41.645,40.977501,41.362499,41.130413,31820800
8/27/2019,41.747501,41.775002,40.154999,40.450001,40.22303,29096800
8/28/2019,40.145,40.834999,39.75,40.305,40.118515,25561200
8/29/2019,41.224998,42.075001,41.189999,41.75,41.556828,35797600
8/30/2019,42.215,42.715,41.695,41.877499,41.683735,29061600
9/3/2019,41.145,41.477501,40.8125,41.0425,40.852604,29614000
9/4/2019,41.6525,42.264999,41.6525,42.189999,41.994793,22772800
9/5/2019,43.217499,44.997501,43.200001,44.935001,44.727097,69567600
9/6/2019,44.700001,45.272499,44.279999,44.662498,44.45586,37697600
9/9/2019,44.974998,45.994999,44.959999,45.125,44.91621,41752400
9/10/2019,44.794998,46.0625,44.697498,45.794998,45.583115,35281200
9/11/2019,45.942501,46.567501,45.650002,46.0825,45.869286,36151200
9/12/2019,46.549999,47.099998,45.987499,46.067501,45.854355,32784000
9/13/2019,45.397499,45.77,45.044998,45.485001,45.274548,32459200
9/16/2019,44.73,45.400002,44.625,45.052502,44.844048,23183200
9/17/2019,45.119999,45.310001,44.6525,45.267502,45.05806,22304800
9/18/2019,45.197498,45.355,44.125,44.994999,44.786819,25815200
9/19/2019,45.055,45.240002,44.127499,44.235001,44.030338,24547600
9/20/2019,44.224998,44.462502,43.07,43.172501,42.97274,35024400
9/23/2019,43.174999,44.1675,43.137501,43.709999,43.507763,24971200
9/24/2019,44.025002,44.322498,42.775002,43.1325,42.93293,31726800
9/25/2019,43.127499,44.755001,42.677502,44.557499,44.351337,30843200
9/26/2019,44.459999,44.547501,43.822498,44.334999,44.129868,23456400
9/27/2019,43.915001,44.424999,42.330002,42.939999,42.741318,36205600
9/30/2019,43.200001,43.619999,42.884998,43.517502,43.316158,18618400
10/1/2019,43.75,45.25,43.452499,43.5,43.298729,36600800
10/2/2019,43.279999,43.400002,42.532501,43.259998,43.059845,29337200
10/3/2019,43.305,45.389999,43,45.327499,45.117775,45058800
10/4/2019,45.349998,45.787498,44.695,45.4925,45.282009,26552400
10/7/2019,46.145,47.084999,46.057499,46.0825,45.869286,48098400
10/8/2019,45.16,45.16,44.125,44.307499,44.102497,44443600
10/9/2019,45.080002,45.674999,44.790001,45.177502,44.968472,29241200
10/10/2019,45.154999,46.27,45.102501,45.7575,45.54578,30912400
10/11/2019,46.602501,47.334999,46.412498,46.497501,46.282364,44640400
10/14/2019,46.41,46.842499,46.0975,46.6325,46.41674,20004000
10/15/2019,47.540001,49.822498,47.400002,49.092499,48.86536,66412400
10/16/2019,48.75,49.805,48.4375,48.552502,48.327854,42894400
10/17/2019,49,49.452499,48.025002,48.572498,48.347767,26343600
10/18/2019,48.577499,48.904999,46.875,47.622501,47.402157,30744000
10/21/2019,48.240002,49.137501,48.049999,49.002499,48.77578,26186800
10/22/2019,49.575001,50.6325,48.825001,48.9025,48.676235,32872000
10/23/2019,48.077499,48.915001,47.7575,48.772499,48.546837,27991600
10/24/2019,49.1875,49.552502,48.845001,49.215,48.987297,23202000
10/25/2019,50.025002,51.345001,49.947498,51.134998,50.898399,42309200
10/28/2019,51.575001,52.224998,51.279999,51.697498,51.458309,33079200
10/29/2019,51.557499,51.622501,50.535,50.73,50.495281,21123600
10/30/2019,51,51.057499,50.064999,50.75,50.515179,20596000
10/31/2019,50.540001,50.75,49.452499,50.255001,50.022488,20973200
11/1/2019,49.900002,50.9725,49.647499,50.647499,50.413155,28364000
11/4/2019,51.462502,52.75,51.23,52.625,52.381512,37671600
11/5/2019,52.622501,52.884998,51.919998,52.4025,52.160042,30086800
11/6/2019,52.16,52.4175,51.0275,51.907501,51.667332,26901200
11/7/2019,52.7775,52.924999,51.634998,52.084999,51.844013,28034000
11/8/2019,51.915001,52.262501,51.537498,51.945,51.704655,18910000
11/11/2019,51.9375,52.2775,51.07,52.044998,51.804192,24343600
11/12/2019,52.43,52.965,52.077499,52.4025,52.160042,28350400
11/13/2019,52.087502,52.365002,51.474998,52.142502,51.901253,30018800
11/14/2019,52.232498,52.470001,51.630001,52.447498,52.204826,51808000
11/15/2019,52.424999,52.945,50.16,51.047501,50.81131,105362800
11/18/2019,50.9725,53.337502,50.942501,53.07,52.824451,57458800
11/19/2019,52.7575,52.994999,51.412498,51.997501,51.756916,41456400
11/20/2019,51.767502,53.637501,51.639999,52.794998,52.55072,47258800
11/21/2019,52.75,53.310001,52.327499,52.544998,52.30188,28838800
11/22/2019,52.772499,53.240002,52.485001,52.7225,52.478558,22410000
11/25/2019,54.009998,55.352501,53.880001,55.302502,55.046623,50647600
11/26/2019,55.125,55.172501,54.185001,54.25,53.999001,38524400
11/27/2019,54.6675,55.012501,54.294998,54.560001,54.34763,21578400
11/29/2019,54.25,54.535,53.945,54.185001,53.974087,14155600
12/2/2019,54.115002,54.25,52.16,52.3125,52.108879,37203600
12/3/2019,50.467499,51.955002,50.092499,51.915001,51.712925,46523200
12/4/2019,52.755001,52.98,52.067501,52.355,52.151207,27342400
12/5/2019,52.575001,52.732498,51.877499,52.185001,51.981869,18488400
12/6/2019,52.880001,53.372501,52.779999,53.0425,52.83604,23223600
12/9/2019,52.8125,53.592499,52.724998,53.0425,52.83604,21188000
12/10/2019,53.345001,54.014999,52.814999,53.494999,53.28677,25638800
12/11/2019,53.599998,54.389999,53.575001,54.334999,54.123505,23379600
12/12/2019,54.044998,56.200001,53.955002,56.017502,55.799461,40434800
12/13/2019,56.047501,57.244999,55.455002,55.997501,55.77953,45470400
12/16/2019,56.474998,57.014999,56.192501,56.287498,56.068405,32097600
12/17/2019,56.474998,57.299999,56.380001,57.072498,56.850349,32119600
12/18/2019,57.422501,57.985001,57.337502,57.377499,57.15416,34354800
12/19/2019,57.724998,59,57.674999,58.865002,58.635864,44536000
12/20/2019,59.532501,60.0975,59.34,59.842499,59.60957,60304400
12/23/2019,60.130001,60.452499,59.5975,59.705002,59.472599,35506000
12/24/2019,59.549999,59.827499,59.205002,59.654999,59.422791,13886400
12/26/2019,59.689999,60.080002,59.5,59.797501,59.564743,18285200
12/27/2019,59.950001,60.084999,58.952499,59.217499,58.987003,25464400
12/30/2019,58.997501,59.049999,57.764999,58.080002,57.853928,25805600
12/31/2019,57.724998,58.919998,57.532501,58.825001,58.596027,23100400
1/2/2020,59.6875,59.977501,59.18,59.977501,59.744045,23753600
1/3/2020,58.775002,59.4575,58.525002,59.017502,58.787785,20538400
1/6/2020,58.080002,59.317501,57.817501,59.264999,59.034325,26263600
1/7/2020,59.549999,60.442501,59.0975,59.982498,59.74902,31485600
1/8/2020,59.939999,60.509998,59.537498,60.095001,59.861088,27710800
1/9/2020,60.962502,61.482498,60.215,60.755001,60.518524,25511200
1/10/2020,61.8325,62.137501,60.9375,61.080002,60.842243,31629600
1/13/2020,61.915001,63.247501,61.6875,62.994999,62.74979,31984000
1/14/2020,62.564999,62.82,61.6875,61.82,61.579372,35908800
1/15/2020,61.947498,62.172501,61.1325,61.392502,61.153534,26310400
1/16/2020,61.93,62.2925,61.695,62.232498,61.990265,28419200
1/17/2020,62.424999,62.5,61.842499,62.32,62.077427,25379200
1/21/2020,61.952499,62.322498,61.642502,61.985001,61.743732,21791600
1/22/2020,62.439999,63.397499,62.25,62.5275,62.284122,23924000
1/23/2020,62.93,63.299999,62.037498,63.215,62.968941,24451600
1/24/2020,64.375,64.875,62.075001,62.619999,62.376259,37351200
1/27/2020,59.560001,60.5625,58.057499,60.049999,59.816261,47053600
1/28/2020,60.712502,62.317501,60.177502,61.9925,61.751202,31097600
1/29/2020,61.8475,62.209999,60.985001,61.384998,61.146065,25884800
1/30/2020,60.4025,61.587502,59.849998,61.452499,61.213299,29050400
1/31/2020,60.9925,61.112499,58.6875,59.107498,58.877434,37042000
2/3/2020,58.924999,60.2775,58.862499,60.0825,59.848629,25556400
2/4/2020,61.5075,61.974998,61.005001,61.782501,61.542015,27154400
2/5/2020,62.997501,63.099998,61.852501,62.689999,62.44598,20822000
2/6/2020,63.035,63.5625,62.220001,63.5625,63.315083,21828400
2/7/2020,63.16,63.3825,62.642502,62.897499,62.652672,18975200
2/10/2020,63.125,65.75,63.075001,65.7425,65.486588,52960800
2/11/2020,66.830002,68.125,66.207497,66.972504,66.711815,63855600
2/12/2020,67.502502,68.199997,67.112503,68.135002,67.869781,37464400
2/13/2020,67.552498,68.370003,67.277496,67.695,67.431496,52801600
2/14/2020,71.815002,73.7425,71.5,72.447502,72.165512,104192400
2/18/2020,71.410004,74.327499,71.214996,74.142502,73.853912,62016400
2/19/2020,75.372498,78.852501,75.372498,78.675003,78.368767,69433200
2/20/2020,78.192497,79.080002,74.087502,77.175003,76.874603,81005200
2/21/2020,76.047501,76.300003,72.665001,73.517502,73.231331,76818000
2/24/2020,67.547501,70.467499,67,68.32,68.05407,85691600
2/25/2020,69.074997,69.697502,64.489998,65.512497,65.257492,105549600
2/26/2020,65.514999,68.862503,65.5,66.912498,66.652046,74773200
2/27/2020,63.724998,66.75,62.2225,63.150002,62.941818,90641600
2/28/2020,60.615002,68.114998,60.447498,67.517502,67.294922,113325200
3/2/2020,69.224998,69.397499,65.25,69.107498,68.879669,89074400
3/3/2020,69.667503,70.267502,65.614998,66.472504,66.25338,65279200
3/4/2020,67.550003,71.222504,66.800003,71.127502,70.893005,59740800
3/5/2020,69.125,70.800003,67.875,68.322502,68.097282,54032800
3/6/2020,66.519997,67.097504,64.5,66.510002,66.290733,51541200
3/9/2020,59.974998,64.849998,59.544998,61.360001,61.157722,61416000
3/10/2020,64.135002,65.269997,61.497501,65.269997,65.054825,58064800
3/11/2020,63.865002,64.150002,60.642502,61.6175,61.414371,49996400
3/12/2020,56.365002,59.029999,53.950001,54.077499,53.899231,81654000
3/13/2020,57.625,60.255001,54.9025,60.209999,60.011505,63483600
3/16/2020,53.102501,56.525002,48.5,49.099998,48.938129,72697200
3/17/2020,50.227501,55.215,47.75,54.317501,54.138432,83363200
3/18/2020,50.025002,52.485001,45.169998,50.705002,50.537849,87426800
3/19/2020,50.490002,54.182499,48.3475,53.2425,53.066978,76551200
3/20/2020,54.75,57.580002,51.282501,51.4375,51.267933,80463600
3/23/2020,51.427502,54.119999,49.630001,53.172501,52.997215,64387600
3/24/2020,57.25,63.165001,57.012501,62.294998,62.089626,110164400
3/25/2020,63.450001,65.455002,60.915001,61.404999,61.202579,79343200
3/26/2020,63.485001,65.555,62.5,64.309998,64.098007,69610800
3/27/2020,62.5,65.779999,62.169998,63.182499,62.974205,63882800
3/30/2020,63.84,66.489998,63.397499,66.397499,66.178619,60225200
3/31/2020,66.800003,68.849998,64.4375,65.900002,65.682755,94996000
4/1/2020,63.912498,65.3825,60.32,60.767502,60.567169,65691200
4/2/2020,61.060001,64,60.577499,63.8675,63.656952,67576400
4/3/2020,63.490002,63.907501,59.5975,60.977501,60.776478,66321200
4/6/2020,63.810001,67.470001,63.232498,67.099998,66.878799,72788400
4/7/2020,69.324997,69.5625,64.324997,64.7575,64.544029,78452000
4/8/2020,65.852501,66.987503,65.150002,66.737503,66.517509,54244400
4/9/2020,68,68.230003,65.105003,65.737503,65.520782,52556400
4/13/2020,65.137497,67.550003,64.25,67.462502,67.240105,39840800
4/14/2020,68.75,71.330002,68.472504,70.987503,70.753479,53094800
4/15/2020,69.300003,71.042503,68.845001,70.209999,69.978546,36614800
4/16/2020,71.769997,74.75,71.637497,73.675003,73.432137,74562000
4/17/2020,74.5,74.714996,71.735001,73.080002,72.839088,53912000
4/20/2020,71.809998,73.375,71.317497,71.762497,71.525932,44938800
4/21/2020,70.577499,71.192497,66.777496,67.377502,67.155396,73516000
4/22/2020,69.307503,71.967499,68.849998,71.537498,71.301674,48335600
4/23/2020,71.959999,73.285004,70.75,71.002502,70.76844,42416000
4/24/2020,70.900002,72.417503,70.150002,72.397499,72.158829,35232800
4/27/2020,73.747498,75.875,73.5,74.269997,74.025162,47938800
4/28/2020,75.75,76.050003,72.785004,72.839996,72.599869,44290400
4/29/2020,74.192497,75.144997,73.4375,74.614998,74.369026,37916000
4/30/2020,74.072502,74.614998,72.93,73.07,72.829124,37591600
5/1/2020,71.087502,72.224998,70.209999,70.695,70.461929,34209600
5/4/2020,70.220001,72.959999,70.220001,72.822502,72.582413,31755600
5/5/2020,73.8675,75.067497,72.822502,73.434998,73.192909,36889600
5/6/2020,74.232498,75.5,73.852501,74.447502,74.202087,32346400
5/7/2020,75.845001,76.852501,75.330002,76.217499,75.966255,37373200
5/8/2020,76.9375,78.1875,76.597504,78.125,77.867455,33921600
5/11/2020,78.074997,81.125,77.787498,80.654999,80.389107,46906000
5/12/2020,81.235001,81.724998,77.927498,78.025002,77.767776,49306000
5/13/2020,79.175003,80.785004,75.947502,77.800003,77.543518,62585200
5/14/2020,78.417503,80.360001,76.875,80.305,80.040276,60231200
5/15/2020,78.897499,85.004997,78.739998,84.907501,84.627602,98766000
5/18/2020,87.605003,89.165001,86.805,87.502502,87.214043,77446000
5/19/2020,87.902496,90.875,87.627502,88.055,87.764717,71732000
5/20/2020,89.910004,90.43,88.887497,89.699997,89.404289,58753600
5/21/2020,90.514999,90.525002,87.375,87.752502,87.463211,76106800
5/22/2020,88.252502,90.93,87.1325,90.262497,89.964935,103876400
5/26/2020,91.567497,91.817497,86.720001,87.177498,86.890106,77078000
5/27/2020,86.25,86.327499,79.967499,85.252502,84.971451,117589200
5/28/2020,84.122498,87.605003,83.792503,84.870003,84.59021,73489600
5/29/2020,85.544998,88.754997,84.849998,88.754997,88.46241,74525600
6/1/2020,88.332497,88.407501,86.894997,88.0625,87.772194,38987600
6/2/2020,87.962502,88.372498,86.580002,88.252502,87.961571,39132000
6/3/2020,88.222504,88.662498,87,87.695,87.405907,36544000
6/4/2020,87.279999,89.432503,86.775002,87.665001,87.415878,42428000
6/5/2020,87.945,89.970001,87.080002,89.199997,88.946503,48174800
6/8/2020,88.772499,88.897499,86.857498,88.050003,87.799774,38773600
6/9/2020,88,91.097504,87.512497,90.459999,90.202934,46848800
6/10/2020,91.677498,95,91.535004,93.667503,93.401337,63218000
6/11/2020,91.5,92.612503,87.860001,87.962502,87.712532,58365200
6/12/2020,91.625,91.872498,87.032501,89.324997,89.071159,57090800
6/15/2020,88.152496,91.822502,87.4375,91.737503,91.476807,40000400
6/16/2020,92.25,92.667503,88.387497,90.684998,90.427292,53571600
6/17/2020,91.137497,92.989998,90.702499,92.360001,92.097534,40830400
6/18/2020,92.269997,92.824997,91.144997,92.18,91.918053,25440800
6/19/2020,92.425003,94.449997,92.272499,92.612503,92.349312,52416000
6/22/2020,93,95.3125,92.732498,95.267502,94.996765,39846800
6/23/2020,95.510002,96.425003,94.074997,94.5,94.231453,37510800
6/24/2020,94.762497,95.565002,91.445,92.355003,92.092567,44937200
6/25/2020,93.557503,95.050003,91.822502,94.900002,94.630318,37607200
6/26/2020,95,95,91.25,91.550003,91.289841,59208400
6/29/2020,91.697502,92.044998,89,92,91.738571,34224800
6/30/2020,93.139999,95.262497,92.665001,94.977501,94.707603,36789200
7/1/2020,95.207497,95.7575,94.129997,95.300003,95.02919,32664800
7/2/2020,96.389999,97.375,95.782501,96.122498,95.849342,36405600
7/6/2020,97.417503,99.087502,97.125,98.392502,98.1129,31589200
7/7/2020,99.462502,100.699997,98.5075,98.717499,98.436943,35780000
7/8/2020,99.9375,102.25,99.654999,102.160004,101.869698,36548000
7/9/2020,103.802498,105.699997,102.334999,105.089996,104.791367,49454800
7/10/2020,105.887497,106.552498,103.787498,104.792503,104.494705,49767600
7/13/2020,105.949997,107.922501,100.25,100.522499,100.236839,45707600
7/14/2020,100.75,104.027496,97.855003,103.769997,103.475113,54267600
7/15/2020,104.142502,104.330002,100.557503,102.272499,101.981857,40398400
7/16/2020,100.150002,102.067497,98.955002,101.347504,101.059494,34496400
7/17/2020,102.254997,102.485001,100.877502,102.014999,101.725105,26628400
7/20/2020,102.7425,105.3125,101.567497,105.107498,104.8088,28485200
7/21/2020,105.129997,105.599998,102.8675,103.285004,102.991493,27703600
7/22/2020,103.675003,106.025002,102.915001,104.387497,104.090843,36729200
7/23/2020,104.5,105.470001,100.3125,101.297501,101.009628,41166000
7/24/2020,98.75,103.647499,97.769997,101.945,101.655289,47329200
7/27/2020,102.322502,104.417503,102.177498,104.214996,103.918839,29213200
7/28/2020,103.7425,103.82,102.092499,102.154999,101.864708,27163600
7/29/2020,103.907501,105.162498,103.470001,104.654999,104.35759,28450800
7/30/2020,103.75,106.230003,102.952499,106.139999,105.838387,30888000
7/31/2020,105.6325,107.665001,104.330002,106.147499,105.845856,38608000
8/3/2020,107.324997,110.987503,107.152496,110.102501,109.789612,41272000
8/4/2020,110.5,112.277496,109.059998,112.277496,111.958427,31033600
8/5/2020,112.440002,113.717499,111.662498,112.8675,112.546753,24992400
8/6/2020,113.497498,113.580002,111.787498,113.355003,113.032867,24431600
8/7/2020,113.125,115.047501,110.375,111.995003,111.676735,34251600
8/10/2020,113.342499,114.082497,108.565002,111.650002,111.332726,42779600
8/11/2020,110.737503,111.3675,107.957497,108.5,108.191673,35451200
8/12/2020,109.907501,114.669998,109.582497,114.402496,114.077393,46441200
8/13/2020,115.459999,117.217499,113.557503,114.43,114.104805,37446000
8/14/2020,115.300003,117.047501,114.404999,115.639999,115.311371,36643600
8/17/2020,118.512497,124.097504,118.172501,123.370003,123.019409,62130000
8/18/2020,124.5,124.959999,120.862503,122.607498,122.259087,50344800
8/19/2020,122.964996,123.150002,120.980003,121.385002,121.040062,62262400
8/20/2020,119.75,123.75,118.787498,121.410004,121.064995,92138800
8/21/2020,122.017502,128.087494,121.952499,126.834999,126.474564,99986800
8/24/2020,128.837494,129.125,125.074997,127.202499,126.841011,49056400
8/25/2020,126.307503,127.612503,125.737503,127.5,127.137672,28907600
8/26/2020,127.9925,128.684998,126.777496,127.730003,127.36705,32124400
8/27/2020,127.815002,128.5,125.665001,126.282501,125.923637,31760400
8/28/2020,126.75,131.479996,126.425003,131.477493,131.103836,53716000
8/31/2020,131.827499,135.75,130.377502,133.744995,133.364883,50084000
9/1/2020,134.800003,139.9375,134.365005,138.210007,137.858475,51131600
9/2/2020,147.037506,147.267502,139,143.464996,143.100098,87401200
9/3/2020,138.287506,138.845001,128.787506,130.154999,129.823944,94512800
9/4/2020,127.837502,131.75,117.047501,126.224998,125.903946,146368400
9/8/2020,117.345001,125.5,117.042503,119.129997,118.826988,79572800
9/9/2020,124,128.092499,122.317497,127.150002,126.826607,73620000
9/10/2020,129.892502,130.652496,121.669998,123.1175,122.804352,69868400
9/11/2020,124.855003,126.525002,118.957497,121.644997,121.335602,63692800
9/14/2020,130.809998,133.149994,126.3125,128.722504,128.395111,120174400
9/15/2020,132.800003,132.987503,128.277496,129.910004,129.57959,72755600
9/16/2020,129.572495,130.927505,125.137497,125.144997,124.826698,55638400
9/17/2020,121.322502,125.897499,120.347504,124.635002,124.318008,79251200
9/18/2020,125.9375,126.324997,119.887497,121.892502,121.582466,69846000
9/21/2020,119.25,125.224998,119.044998,125.172501,124.854134,72104400
9/22/2020,125.75,126.480003,121.555,126.377502,126.056068,64645200
9/23/2020,125.754997,127.269997,120.792503,121.237503,120.929153,64701200
9/24/2020,120.722504,125.695,120.139999,123.480003,123.165939,73124000
9/25/2020,124.474998,128.835007,122.457497,128.737503,128.410049,58801600
9/28/2020,130.402496,130.517502,127.5,130.350006,130.018448,57380800
9/29/2020,129.375,134.427505,129.332504,132.257507,131.921097,62146000
9/30/2020,131.574997,136.225006,131.502502,135.304993,134.960846,68918400
10/1/2020,137.580002,137.627502,134.607498,136.145004,135.798721,52500400
10/2/2020,132.25,135.195007,130.509995,130.622498,130.290268,55249600
10/5/2020,132.360001,136.442505,132.227493,136.425003,136.078033,47982000
10/6/2020,138.300003,141.419998,136.649994,137.365005,137.01564,78442000
10/7/2020,139.997498,141.192505,138.634995,139.639999,139.284821,41808400
10/8/2020,140.75,140.845001,137.580002,138.387497,138.035507,37890000
10/9/2020,137.669998,138.242493,136.607498,137.627502,137.277466,34689200
10/12/2020,139.895004,143.470001,139.125,142.259995,141.898163,43474400
10/13/2020,142.964996,143.485001,140.1875,142.482498,142.120087,34460400
10/14/2020,142.904999,143.427505,139.600006,140.952499,140.593994,27610000
10/15/2020,138.107498,140.057495,137.677505,139.699997,139.344666,26722400
10/16/2020,140.367493,141.214996,137.925003,138.115005,137.763733,24239200
10/19/2020,139.029999,139.835007,134.067505,134.977493,134.634201,29806800
10/20/2020,135.835007,137.997498,135.070007,136.455002,136.107941,22921200
10/21/2020,136.25,137.914993,134.774994,135.247498,134.903519,21959600
10/22/2020,135.225006,136.117493,132.317505,133.610001,133.270172,29048000
10/23/2020,134.5,135.932495,132.912506,135.902496,135.556839,23348400
10/26/2020,134.270004,136.927505,130.384995,131.412506,131.078293,33689600
10/27/2020,133.059998,134.419998,131.914993,133.967499,133.626755,25052000
10/28/2020,131.979996,132.600006,126.089996,126.269997,125.948837,37652000
10/29/2020,128.384995,131.927505,127.5,130.240005,129.908768,32008000
10/30/2020,128.5,129.365005,123,125.339996,125.02121,41682000
11/2/2020,126.577499,128.367493,123.949997,125.807503,125.487534,29965200
11/3/2020,127.084999,131.050003,126.027496,130.195007,129.863846,27290000
11/4/2020,133.892502,138.274994,133.369995,137.942505,137.591675,41022800
11/5/2020,141.625,143.389999,139.910004,141.600006,141.239853,31902800
11/6/2020,141.097504,145.887497,138.949997,145.619995,145.249619,38334800
11/9/2020,145.524994,146.914993,136.107498,136.307495,135.9608,58297600
11/10/2020,136.065002,136.065002,126.282501,127.699997,127.375198,64406800
11/11/2020,130.537506,134.350006,129.482498,134.179993,133.83873,40474400
11/12/2020,134.789993,137.660004,133.160004,134.567505,134.225235,36581200
11/13/2020,136.272507,136.6875,130.592499,132.970001,132.63179,34631200
11/16/2020,131.725006,136.494995,131.559998,135.152496,134.808746,41377600
11/17/2020,135.524994,135.962494,133.037506,134.222504,133.881119,31202800
11/18/2020,134.652496,136.057495,131.850006,134.287506,133.945938,51092400
11/19/2020,132.127502,134.875,131,134.402496,134.060654,56593600
11/20/2020,134.539993,134.945007,130.649994,130.877502,130.544632,34108800
11/23/2020,131.712494,133.824997,130.154999,131.399994,131.065796,36135600
11/24/2020,131.425003,131.619995,128.850006,129.577499,129.24791,34650000
11/25/2020,130.324997,132.695007,130.199997,132.347504,132.010895,25991600
11/27/2020,133.75,134.074997,131.705002,132.612503,132.275208,16727600
11/30/2020,132.649994,134.125,129.722504,134.014999,133.674164,28695200
12/1/2020,134.922501,135.287506,132.282501,133.899994,133.559418,29694800
12/2/2020,133.505005,136.735001,132.342499,135.445007,135.10054,28336000
12/3/2020,135.875,136.600006,133.289993,133.960007,133.658768,19952000
12/4/2020,134.485001,135.600006,133.887497,135.582504,135.277649,20224400
12/7/2020,136.012497,137.3125,135,136.067505,135.761505,22324400
12/8/2020,135.850006,135.987503,132.815002,133.5,133.199783,27192000
12/9/2020,133.005005,134.139999,128.682495,129.307495,129.016724,40130000
12/10/2020,128.690002,130.6875,128.494995,129.722504,129.430817,20776400
12/11/2020,129.672501,130.199997,128.229996,130.132507,129.839844,20926400
12/14/2020,130.880005,133.887497,130.774994,133.087494,132.788208,27015600
12/15/2020,134.397507,134.639999,131.867493,133.604996,133.30455,19301600
12/16/2020,134.225006,134.372498,132.125,132.425003,132.127213,22311600
12/17/2020,133.667496,133.794998,131.785004,133.412506,133.112488,23138400
12/18/2020,133.789993,134.050003,130.705002,132.720001,132.421555,34206400
12/21/2020,130.747498,133.699997,129.675003,133.322495,133.02269,30233200
12/22/2020,133.192505,133.372498,130.539993,132.782501,132.483917,18558000
12/23/2020,132.559998,132.75,130.050003,130.092499,129.799988,17914400
12/24/2020,130.372498,131.324997,129.387497,129.9375,129.645309,9788400
12/28/2020,130.625,130.625,127.6325,129,128.7099,21256400
12/29/2020,129.25,130.725006,128.422501,129.432495,129.141418,17037200
12/30/2020,129.902496,132.137497,128.967499,131.457504,131.161911,22539600
12/31/2020,131.365005,131.509995,129.149994,130.550003,130.256424,19242400
1/4/2021,131.042496,136.524994,129.625,131.134995,130.840088,56064000
1/5/2021,130.997498,134.434998,130.869995,134.047501,133.746094,32276000
1/6/2021,132.225006,132.449997,125.860001,126.144997,125.86132,58042400
1/7/2021,129.675003,133.777496,128.865005,133.440002,133.139938,46148000
1/8/2021,133.625,134.210007,130.419998,132.767502,132.468948,29252800
1/11/2021,134.1875,139.610001,133.625,136.214996,135.908722,51834400
1/12/2021,137.524994,137.544998,133.449997,134.847504,134.544281,29147600
1/13/2021,134.899994,136.25,133.850006,135.317505,135.013229,21002800
1/14/2021,135.75,135.997498,131.804993,132.002502,131.705643,28312000
1/15/2021,132.279999,133.252502,128.485001,128.595001,128.305817,27778000
1/19/2021,130.162506,130.940002,128.440002,130.252502,129.95961,22618800
1/20/2021,131.117493,134.304993,130.567505,133.657501,133.356918,25857200
1/21/2021,134.184998,139.992493,132.529999,138.675003,138.363159,33778000
1/22/2021,137.399994,138.417496,136.272507,137.125,136.81662,24682000
1/25/2021,137.817505,138.285004,132.365005,136.532501,136.225433,25111200
1/26/2021,135.804993,136.447495,133.875,134.352493,134.050369,16398000
1/27/2021,132.300003,132.327499,127.9375,129.177505,128.887009,37127200
1/28/2021,129.962494,133.397507,129.604996,130.509995,130.216507,22831600
1/29/2021,130.75,133.347504,129.115005,129.897507,129.605392,27155200
2/1/2021,130.532501,132.707504,129.027496,132.369995,132.072281,21720400
2/2/2021,133.987503,135.720001,132.854996,135.567505,135.26265,22044000
2/3/2021,136.360001,139.317505,135.164993,135.304993,135.000748,24540800
2/4/2021,135.309998,136.735001,133.377502,136.642502,136.33522,20134000
2/5/2021,137.25,137.372498,135.457504,135.910004,135.60437,16915200
2/8/2021,137.272507,144.737503,137.272507,144.387497,144.062805,43462400
2/9/2021,143.407501,145.832504,142.225006,142.632507,142.311768,28756000
2/10/2021,144.632507,149.050003,143.414993,147.642502,147.310486,48535200
2/11/2021,149.802505,152.722504,149.25,152.507507,152.164551,45082800
2/12/2021,150.5,152.912506,147.75,149.612503,149.276047,37475600
2/16/2021,150.642502,153.725006,149.5,153.302505,152.957809,32196000
2/17/2021,151.710007,152.235001,147.800003,149.059998,148.724808,27475600
2/18/2021,147.289993,148.732498,145.75,148.289993,147.956558,23386800
2/19/2021,150.244995,151.770004,148.467499,149.264999,148.929337,27172400
2/22/2021,147.747498,151.332504,143.25,143.557495,143.234695,32588400
2/23/2021,140.752502,142.387497,133.895004,141.419998,141.10199,39178000
2/24/2021,141.227493,145.067505,137.559998,144.990005,144.663971,44832000
2/25/2021,140.455002,143.747498,132.162506,133.074997,132.775757,82443600
2/26/2021,137.524994,138.544998,133.610001,137.145004,136.836594,50093200
3/1/2021,138.75,139.25,135.532501,138.417496,138.106232,35318400
3/2/2021,139,139.205002,133.960007,134.0625,133.761047,26411600
3/3/2021,134.262497,134.514999,127.987503,128.047501,127.759552,37759200
3/4/2021,128.007507,129.75,120.837502,123.702499,123.424332,57334400
3/5/2021,125.5,125.5,116.792503,124.614998,124.334763,54284000
3/8/2021,124.5,124.712502,115.665001,115.932503,115.671791,54311200
3/9/2021,121.302498,126.167503,120.592499,125.202499,124.964073,52182400
3/10/2021,128.404999,129.800003,124.574997,124.682503,124.445061,38437600
3/11/2021,129.5,130.462494,127.345001,129.934998,129.687561,29991600
3/12/2021,126.482498,128.887497,125.900002,128.559998,128.31517,24396400
3/15/2021,128.647507,132.067505,127.672501,131.912506,131.661316,22198800
3/16/2021,133.565002,135.125,131.167496,132.912506,132.659378,27212800
3/17/2021,130.397507,134.532501,129.895004,133.412506,133.158432,24386400
3/18/2021,131.365005,131.839996,127.169998,127.224998,126.982712,29389600
3/19/2021,127.5,129.214996,126.125,128.457504,128.21286,29920800
3/22/2021,129.127502,133.945007,129.067505,131.862503,131.611359,29780400
3/23/2021,132.542496,133.445007,130.212494,130.707504,130.458618,22204800
3/24/2021,131.512497,131.592499,126.3675,126.43,126.189232,24584000
3/25/2021,124.995003,127.147499,122.720001,125.352501,125.113785,29514400
3/26/2021,125.544998,128.5625,123.735001,128.392502,128.14798,36396800
3/29/2021,128.202499,130.625,127,129.482498,129.235947,27352000
3/30/2021,128.419998,129.752502,127.050003,128.717499,128.472382,20020400
3/31/2021,130.154999,134.705002,129.824997,133.482498,133.228302,31477600
4/1/2021,135.722504,138.699997,135.112503,138.117493,137.854431,30827600
4/5/2021,138.675003,140.139999,137.330002,139.875,139.608627,25567200
4/6/2021,139.997498,140.542496,137.735001,138.615005,138.351028,19174400
4/7/2021,138.807495,142.434998,137.115005,141.434998,141.16568,25128400
4/8/2021,142.527496,144.714996,142.490005,143.169998,142.897354,24441600
4/9/2021,142.139999,144.080002,141.75,144,143.725769,19517200
4/12/2021,142.897507,153.524994,141.392502,152.089996,151.800385,86932400
4/13/2021,152.315002,157,151.257507,156.794998,156.496399,67621200
4/14/2021,156.25,157.205002,152.274994,152.770004,152.479095,38550000
4/15/2021,156.625,162.142502,156.315002,161.372498,161.065201,59848000
4/16/2021,160.529999,161.657501,158.652496,159.125,158.821976,33520800
4/19/2021,155.365005,158.074997,152.330002,153.617493,153.324951,40442000
4/20/2021,153.232498,154.970001,149.630005,151.712494,151.423553,33413200
4/21/2021,151.1875,153.625,151.022507,153.604996,153.312469,21677600
4/22/2021,153.75,154.384995,147.835007,148.502502,148.219696,27778800
4/23/2021,149.342499,153.350006,149.002502,152.652496,152.361786,22750000
4/26/2021,151.850006,154.789993,151.25,154.779999,154.485245,19779600
4/27/2021,155.785004,156.705002,153.544998,153.817505,153.524582,16457200
4/28/2021,153.645004,155.322495,152.154999,152.767502,152.476593,20941600
4/29/2021,154,154.365005,150.714996,153.247498,152.955658,17319600
4/30/2021,151.744995,153.649994,149.970001,150.095001,149.809158,20191200
5/3/2021,151.25,152.467499,147.875,148.367493,148.084961,20391200
5/4/2021,146.372498,146.375,140.102493,143.512497,143.239197,40532400
5/5/2021,147.089996,148.134995,143.875,144.585007,144.309677,29202400
5/6/2021,144.952499,145.712494,142.179993,145.229996,144.953415,19338000
5/7/2021,148.082504,149.707504,146.717499,148.122498,147.840424,22932800
5/10/2021,147.872498,148.059998,142.5,142.657501,142.385849,26890400
5/11/2021,138.25,143.547501,137.5,143.0625,142.79007,28558400
5/12/2021,140.095001,142.602493,137.092499,137.585007,137.322983,30340800
5/13/2021,140.337494,140.807495,134.589996,136.652496,136.392258,28540400
5/14/2021,138.899994,143.279999,137.485001,142.429993,142.158768,25861600
5/17/2021,141.570007,141.692505,138.535004,141.654999,141.385239,21698000
5/18/2021,142.669998,144.042496,140.039993,140.157501,139.89061,18625600
5/19/2021,135.664993,140.794998,135.432495,140.657501,140.389633,34400000
5/20/2021,143.024994,146.837494,142.705002,146.125,145.846725,32159200
5/21/2021,151.637497,152.220001,148.695007,149.917496,149.631989,67299200
5/24/2021,152.125,157.449997,151.759995,156.119995,155.822647,55481600
5/25/2021,157.660004,158.184998,154.824997,156.477493,156.179474,43540800
5/26/2021,157.342499,157.9375,155.862503,157,156.701019,37044000
5/27/2021,156.997498,157.5,154.600006,154.880005,154.585052,58147600
5/28/2021,155.009995,162.774994,155.009995,162.445007,162.135651,64453600
6/1/2021,162.699997,163.882507,159.032501,162.645004,162.335266,47280400
6/2/2021,162.522507,169.1875,162.354996,167.782501,167.462982,59416800
6/3/2021,167.007507,172.589996,165.830002,169.697495,169.374298,58000800
6/4/2021,171.125,176.610001,170.955002,175.782501,175.447723,61712000
6/7/2021,175.712494,178.125,171.927505,176.190002,175.854492,57575600
6/8/2021,175.272507,176.214996,172.509995,174.570007,174.237549,32384800
6/9/2021,175.157501,175.75,172.557495,173.582504,173.291672,38165600
6/10/2021,173.5,174.919998,171.759995,174.25,173.958008,28777200
6/11/2021,174.794998,179.392502,174.4375,178.252502,177.953796,41630800
6/14/2021,179.059998,180.395004,176.627502,180.1875,179.885574,32137600
6/15/2021,179.149994,180.162506,177.279999,177.884995,177.58696,24303200
6/16/2021,177.907501,179.547501,175.845001,178.102493,177.804077,30712400
6/17/2021,177.744995,188.350006,177.5625,186.572495,186.259857,80965600
6/18/2021,187.839996,193.75,185.839996,186.387497,186.075165,96885600
6/21/2021,184.352493,185.365005,178.227493,184.272507,183.963745,67238400
6/22/2021,184.714996,189.637497,183.860001,188.867493,188.551025,58014400
6/23/2021,190.077499,191.527496,189.077499,190.572495,190.253159,33235600
6/24/2021,192.277496,194.199997,190.882507,192.054993,191.733154,32092400
6/25/2021,192.804993,193.455002,188.945007,190.309998,189.991119,27836400
6/28/2021,193.612503,200.787506,193.190002,199.850006,199.515137,49543600
6/29/2021,198.824997,200.987503,196.570007,200.267502,199.931915,36763200
6/30/2021,199.992493,201.625,198.637497,200.024994,199.689835,32656800
7/1/2021,201.25,204.559998,200.190002,202.119995,201.781296,48013600
7/2/2021,204.402496,205.052505,202.877502,204.869995,204.526733,34276400
7/6/2021,207.375,208.419998,203.502502,206.985001,206.638199,44670800
7/7/2021,208.535004,208.75,203.320007,203.717499,203.37616,41842800
7/8/2021,198.565002,201.330002,197.007507,199.027496,198.694,50330000
7/9/2021,199.625,200.802505,197.542496,200.502502,200.166534,29662400
7/12/2021,202.399994,205.327499,201.877502,205.125,204.781296,32198400
7/13/2021,204.005005,204.612503,201.139999,202.5,202.16069,29070800
7/14/2021,203.577499,204.177505,197.527496,198.414993,198.082535,38010000
7/15/2021,198.117493,198.470001,188.585007,189.662506,189.344696,55056400
7/16/2021,190.304993,191.570007,180.729996,181.610001,181.30571,68822400
7/19/2021,179.152496,190.419998,178.654999,187.797501,187.482834,74906000
7/20/2021,187.300003,188.380005,181.639999,186.119995,185.808151,43468700
7/21/2021,188.820007,195.270004,187.419998,194.100006,193.774765,37101700
7/22/2021,196.419998,198.869995,192.759995,195.940002,195.611649,32382600
7/23/2021,196.559998,197,192.5,195.580002,195.252258,19567200
7/26/2021,193.110001,194.419998,189.139999,192.940002,192.61673,20394300
7/27/2021,192.649994,196.220001,187.410004,192.080002,191.758148,24886300
7/28/2021,193.190002,196.460007,189.949997,195.029999,194.703186,20219100
7/29/2021,195.190002,198.529999,193.279999,196.619995,196.290543,19078100
7/30/2021,194.179993,196.300003,192.630005,194.990005,194.6633,18349700
8/2/2021,197,199.610001,193.610001,197.5,197.169067,21744400
8/3/2021,197.399994,202.220001,192.199997,198.149994,197.817963,30181100
8/4/2021,199.899994,203.179993,198.279999,202.740005,202.400299,23130900
8/5/2021,205,207.330002,203.419998,206.369995,206.0242,21143500
8/6/2021,205.240005,205.699997,202.100006,203.660004,203.318741,17849700
8/9/2021,204.460007,205.080002,201.429993,202.949997,202.60994,14644300
8/10/2021,203.220001,204.300003,198.350006,199.360001,199.02594,17923800
8/11/2021,200.429993,200.490005,194.300003,196.990005,196.659943,18592500
8/12/2021,198.699997,200.289993,196.199997,199.050003,198.716476,15165200
8/13/2021,199.050003,202.139999,198.509995,201.880005,201.541733,18306300
8/16/2021,201.350006,202.869995,194.529999,199.5,199.165726,21087600
8/17/2021,196.850006,197.699997,192.669998,194.580002,194.253952,20458500
8/18/2021,195,196.339996,190,190.399994,190.080948,28591300
8/19/2021,194.940002,204.949997,187.619995,197.979996,197.64827,76655500
8/20/2021,199.910004,208.649994,199.330002,208.160004,207.811218,67574100
8/23/2021,209.710007,219.970001,209.5,219.580002,219.212067,57580700
8/24/2021,217.529999,219.589996,215.350006,217.929993,217.564819,29729900
8/25/2021,217.369995,224.699997,217.220001,222.130005,221.757797,34770100
8/26/2021,222,223.399994,217.899994,220.679993,220.310226,23794000
8/27/2021,221.839996,227.220001,221.669998,226.360001,225.980682,30472200
8/30/2021,228.300003,230.429993,225.509995,226.880005,226.499847,26258000
8/31/2021,226.949997,226.949997,221.199997,223.850006,223.514328,25985000
9/1/2021,224.850006,226.970001,223.570007,224.410004,224.073471,20176700
9/2/2021,225.179993,225.929993,222.949997,223.960007,223.624161,18783400
9/3/2021,223.25,229.860001,222,228.429993,228.087463,28053200
9/7/2021,228.330002,228.990005,225.220001,226.619995,226.280151,19810700
9/8/2021,225.130005,226.100006,219.770004,223.389999,223.055008,25443400
9/9/2021,223.119995,225.380005,221.309998,221.770004,221.437439,19685600
9/10/2021,223.479996,226.259995,222.699997,224.779999,224.442932,24837600
9/13/2021,226.839996,229.639999,218.580002,221.520004,221.187836,29750000
9/14/2021,222.75,224.100006,220.860001,222.419998,222.086456,19975500
9/15/2021,223.089996,223.669998,219.660004,223.410004,223.074997,16653800
9/16/2021,221.830002,222.770004,219.270004,222.419998,222.086456,15603300
9/17/2021,223,223.210007,218.300003,219,218.6716,29450300
9/20/2021,211.460007,214.330002,206.619995,211.130005,210.813385,34944000
9/21/2021,214.169998,214.25,209.5,212.460007,212.141403,20468800
9/22/2021,213.660004,219.600006,211.960007,219.410004,219.080994,26872600
9/23/2021,221.399994,225.350006,218.899994,224.820007,224.482895,24855500
9/24/2021,220.699997,221.490005,218.610001,220.809998,220.478882,21765500
9/27/2021,217.100006,217.990005,213.25,216.600006,216.275177,24521500
9/28/2021,212.139999,214.190002,206.509995,206.990005,206.679611,34306900
9/29/2021,209.399994,210.169998,204.669998,205.169998,204.86235,21839400
9/30/2021,207.679993,210.660004,206.880005,207.160004,206.849335,22100900
10/1/2021,207.5,208.589996,202.029999,207.419998,207.108978,24097800
10/4/2021,205.039993,205.419998,195.550003,197.320007,197.024109,34563500
10/5/2021,199.5,206.479996,198.539993,204.509995,204.203308,27928200
10/6/2021,201.199997,207.199997,200.800003,207,206.689575,29720200
10/7/2021,210.919998,213.220001,209.720001,210.75,210.433975,25691900
10/8/2021,211.009995,212.059998,207.75,208.309998,207.99765,15125800
10/11/2021,205.75,210.630005,205.110001,206.949997,206.639664,16338800
10/12/2021,208.279999,210.570007,205.279999,206.710007,206.400009,16213400
10/13/2021,209.179993,209.899994,207.130005,209.389999,209.076019,18065200
10/14/2021,212.880005,217.550003,211.220001,217.460007,217.133926,24358900
10/15/2021,218.100006,219.309998,216.619995,218.619995,218.29216,22699400
10/18/2021,217.490005,222.910004,216.440002,222.220001,221.88678,18949400
10/19/2021,222.759995,223.789993,220.369995,222.899994,222.565735,16147300
10/20/2021,223.050003,224.330002,219.820007,221.029999,220.698532,14627600
10/21/2021,220.970001,227.110001,220.830002,226.919998,226.579727,18759000
10/22/2021,228.229996,231.300003,225.610001,227.259995,226.919205,24938400
10/25/2021,229.729996,233.550003,227.699997,231.660004,231.312622,23023500
10/26/2021,239.889999,252.589996,239.240005,247.169998,246.799347,48589800
10/27/2021,244.740005,250.899994,242.820007,244.509995,244.143326,24599000
10/28/2021,248.779999,249.5,245.229996,249.410004,249.036011,23420400
10/29/2021,250.009995,257.089996,250,255.669998,255.286606,29250300
11/1/2021,256.48999,258.940002,252.270004,258.269989,257.88269,26574000
11/2/2021,258.220001,266.779999,258,264.01001,263.614105,29411200
11/3/2021,266.700012,267.839996,262.350006,265.980011,265.581177,23991000
11/4/2021,272.290009,313.649994,271.179993,298.01001,297.56311,115363100
11/5/2021,301.869995,314,294.100006,297.519989,297.073883,85126000
11/8/2021,301.48999,311,299.070007,308.040009,307.578064,50310100
11/9/2021,322.820007,323.100006,299.640015,306.570007,306.110321,64674600
11/10/2021,293.559998,308.5,287.779999,294.589996,294.148193,63620600
11/11/2021,304.679993,305.899994,297.769989,303.899994,303.444305,33217200
11/12/2021,300.100006,306.799988,296.299988,303.899994,303.444305,41305400
11/15/2021,305.519989,306.440002,292.470001,300.25,299.799774,38490900
11/16/2021,297.589996,303.899994,297.059998,302.029999,301.577118,26448400
11/17/2021,304.179993,305.089996,288,292.609985,292.171204,42850800
11/18/2021,323.670013,327.600006,313.209991,316.75,316.275055,78171100
11/19/2021,322.429993,330.880005,319.049988,329.850006,329.355408,53386700
11/22/2021,335.170013,346.470001,319,319.559998,319.08075,75433500
11/23/2021,315.350006,323.600006,308.799988,317.459991,316.983978,53216300
11/24/2021,314.609985,328.549988,309.279999,326.73999,326.249969,43516200
11/26/2021,326,327.100006,313.5,315.029999,314.557556,28306900
11/29/2021,323.660004,334.119995,320.359985,333.76001,333.25946,45496400
11/30/2021,331.690002,333.529999,318.640015,326.76001,326.269989,62206600
12/1/2021,332.190002,332.890015,313.799988,314.350006,313.917023,48436800
12/2/2021,312.140015,324.779999,310.25,321.26001,320.817535,47289000
12/3/2021,320,321.290009,301.299988,306.929993,306.507233,54432500
12/6/2021,298.799988,302.410004,280.380005,300.369995,299.956329,65893800
12/7/2021,309.570007,324.48999,306.51001,324.269989,323.823364,59305300
12/8/2021,319.98999,322.899994,314.209991,318.26001,317.821686,47555100
12/9/2021,317.339996,322.049988,304.279999,304.899994,304.480103,48850700
12/10/2021,311.5,313.049988,298.609985,301.980011,301.564117,48882500
12/13/2021,302.48999,302.940002,281.160004,281.609985,281.222168,59834400
12/14/2021,276.98999,286.779999,272.5,283.369995,282.979706,66703500
12/15/2021,284,305,278.380005,304.589996,304.170502,69829700
12/16/2021,311.519989,311.600006,280.929993,283.869995,283.479034,70736600
12/17/2021,279.850006,289.220001,277.600006,278.01001,277.627106,71375800
12/20/2021,273.049988,281.440002,271.450012,277.190002,276.808197,46184700
12/21/2021,283.73999,291.200012,274.01001,290.75,290.349518,52438500
12/22/2021,288.910004,295.549988,284.48999,294,293.595062,39518400
12/23/2021,297.549988,300.589996,294.309998,296.399994,295.99176,34302200
12/27/2021,296.600006,310.869995,296.399994,309.450012,309.023773,40368600
12/28/2021,313.119995,313.299988,300.119995,303.220001,302.802368,42059100
12/29/2021,302.730011,305.480011,293.660004,300.01001,299.596802,34313900
12/30/2021,298.269989,304.570007,295.399994,295.859985,295.452515,30886400
12/31/2021,296.73999,300.299988,293.309998,294.109985,293.704956,26653000
1/3/2022,298.149994,307.109985,297.850006,301.209991,300.795105,39154700
1/4/2022,302.769989,304.679993,283.48999,292.899994,292.496552,52715400
1/5/2022,289.48999,294.160004,275.329987,276.040009,275.659821,49806400
1/6/2022,276.399994,284.380005,270.649994,281.779999,281.391907,45418600
1/7/2022,281.410004,284.220001,270.570007,272.470001,272.094727,40993900
1/10/2022,265.809998,274.690002,256.440002,274,273.622589,59468100
1/11/2022,273.230011,280.649994,268.390015,278.170013,277.786896,40408900
1/12/2022,280.670013,285.950012,276.079987,279.98999,279.60437,38341300
1/13/2022,283.790009,284.799988,264.980011,265.75,265.383942,54017100
1/14/2022,263,271.970001,262.100006,269.420013,269.048981,39583200
1/18/2022,262.600006,266.380005,257.700012,259.029999,258.673248,42427000
1/19/2022,260.790009,265.429993,250.520004,250.669998,250.324753,48831500
1/20/2022,253.039993,255.789993,240.779999,241.5,241.167358,43518100
1/21/2022,235.070007,248.229996,232.630005,233.740005,233.418076,71895800
1/24/2022,223.300003,233.800003,208.880005,233.720001,233.398087,91398200
1/25/2022,225.460007,229.429993,220,223.240005,222.932526,66461600
1/26/2022,232.399994,240.570007,223,227.720001,227.406342,75595900
1/27/2022,235.679993,239.949997,216.75,219.440002,219.137772,57335300
1/28/2022,220.119995,228.580002,212.960007,228.399994,228.085419,54377400
1/31/2022,231.820007,245.089996,230.520004,244.860001,244.522751,56468000
2/1/2022,251.039993,251.449997,238.899994,246.380005,246.040649,51892500
2/2/2022,257.940002,258.170013,245.529999,252.419998,252.072357,54341900
2/3/2022,244.580002,250.770004,237.800003,239.479996,239.150146,41017800
2/4/2022,239.720001,246.350006,236.320007,243.190002,242.855042,35482900
2/7/2022,243.720001,251.820007,242.020004,247.279999,246.939407,37686800
2/8/2022,243.589996,252.300003,239.800003,251.080002,250.734207,41035900
2/9/2022,256.220001,267.25,253.529999,267.049988,266.68219,52428200
2/10/2022,259.950012,269.25,256,258.23999,257.884308,51320000
2/11/2022,259.160004,261.519989,237.729996,239.490005,239.160141,60547200
2/14/2022,239.339996,248.75,237.550003,242.669998,242.335754,44042400
2/15/2022,249.490005,265.450012,247.839996,264.950012,264.585083,69986900
2/16/2022,262.589996,265.820007,255.520004,265.109985,264.744873,73267600
2/17/2022,256.299988,257.850006,241.649994,245.070007,244.732483,81059500
2/18/2022,246.679993,249.860001,231,236.419998,236.094391,76125500
2/22/2022,230.350006,240.639999,230,233.899994,233.577835,63342200
2/23/2022,238.020004,241.550003,223.009995,223.869995,223.561661,56651100
2/24/2022,210.149994,238,208.899994,237.479996,237.152908,73580100
2/25/2022,237.210007,242.169998,233.809998,241.570007,241.237289,52886600
2/28/2022,239.919998,246.649994,237.070007,243.850006,243.514145,47731900
3/1/2022,242.910004,243.770004,231.320007,234.770004,234.446655,41205600
3/2/2022,237.559998,244.089996,234.149994,242.199997,241.907639,38964200
3/3/2022,242.619995,243.259995,234.690002,237.139999,236.853745,36509500
3/4/2022,233.839996,236.800003,224.820007,229.360001,229.08313,43141500
3/7/2022,228.169998,230.330002,213.300003,213.520004,213.262238,45082100
3/8/2022,213.089996,223.729996,206.5,215.139999,214.880264,55746700
3/9/2022,223.869995,232.199997,222.470001,230.139999,229.862198,49274200
3/10/2022,225.309998,227.880005,218.820007,226.580002,226.306503,42806600
3/11/2022,230.220001,231.449997,220.460007,221,220.7332,36720900
3/14/2022,218.690002,222.619995,211.589996,213.300003,213.042526,38535400
3/15/2022,215.179993,230.380005,213.220001,229.729996,229.452652,49199600
3/16/2022,235,245.970001,231.720001,244.960007,244.664322,67142200
3/17/2022,241.199997,248.419998,239.059998,247.660004,247.361038,47194100
3/18/2022,247.990005,265.690002,246.240005,264.529999,264.210663,73071900
3/21/2022,265.070007,271.519989,259.670013,267.339996,267.017273,59172700
3/22/2022,267.269989,272.380005,260.720001,265.23999,264.91983,54700700
3/23/2022,261.26001,266.119995,255.75,256.339996,256.030609,50212000
3/24/2022,261.660004,283.200012,259.070007,281.5,281.160187,87737900
3/25/2022,278.859985,283.579987,272.709991,276.920013,276.585693,57901600
3/28/2022,277.559998,282.5,272.059998,282.190002,281.849365,42549400
3/29/2022,286.950012,289.459991,279.799988,286.559998,286.21405,48898400
3/30/2022,283.040009,284.959991,275.029999,276.899994,276.565704,46348700
3/31/2022,277.820007,282.480011,272.700012,272.859985,272.530579,52344000
4/1/2022,273.75,274.959991,262.670013,267.119995,266.797516,51723500
4/4/2022,267.279999,275.579987,266.130005,273.600006,273.269714,39712000
4/5/2022,272.540009,273.190002,258.200012,259.309998,258.996979,43661500
4/6/2022,249.339996,253,240.029999,244.070007,243.775391,70383300
4/7/2022,244.410004,247.220001,234.779999,242.080002,241.787766,55799200
4/8/2022,239.169998,239.229996,230.619995,231.190002,230.910919,52478100
4/11/2022,222.139999,223.199997,216.600006,219.169998,218.905441,57520700
4/12/2022,225.369995,227.25,212.820007,215.039993,214.780411,66225800
4/13/2022,217.279999,225,214.550003,222.029999,221.761963,51694300
4/14/2022,225.050003,227.770004,211.630005,212.580002,212.32338,56909700
4/18/2022,212,220.880005,210.789993,217.830002,217.567032,52570100
4/19/2022,217.199997,223.729996,213.139999,221.979996,221.712036,51278100
4/20/2022,225.169998,226.699997,212,214.820007,214.560684,46897400
4/21/2022,217.089996,223.919998,200,201.830002,201.586334,65620900
4/22/2022,203.029999,204.860001,195,195.149994,194.914413,62471300
4/25/2022,192.020004,199.449997,190.960007,199.020004,198.77977,64156600
4/26/2022,197.179993,197.880005,186.699997,187.880005,187.653214,65314300
4/27/2022,185.979996,191.669998,182.899994,184.149994,183.927689,49946000
4/28/2022,189.669998,200.369995,184.899994,197.820007,197.581192,57032700
4/29/2022,194.020004,201.279999,185.169998,185.470001,185.246094,50043500
5/2/2022,185.410004,195.740005,183.910004,195.330002,195.094223,57204900
5/3/2022,194,198.25,191.330002,196.020004,195.783371,47575100
5/4/2022,199.229996,204,187.509995,203.339996,203.094528,64885500
5/5/2022,198.669998,199.25,185,188.440002,188.212509,62633100
5/6/2022,187.360001,195.119995,179.899994,186.75,186.524567,63329700
5/9/2022,180.339996,182.550003,168.270004,169.5,169.295395,64445500
5/10/2022,176.889999,181.979996,170.25,175.949997,175.737595,76147400
5/11/2022,173.470001,177.529999,165.679993,166.300003,166.099258,67016700
5/12/2022,162.190002,167.880005,155.669998,161.75,161.554749,70872800
5/13/2022,167.880005,179.279999,165.929993,177.059998,176.846268,67043700
5/16/2022,175.089996,177.880005,171.059998,172.639999,172.431595,52144600
5/17/2022,180.740005,183.710007,176.339996,181.770004,181.550583,58583000
5/18/2022,177.050003,181.179993,168.639999,169.380005,169.175522,54516100
5/19/2022,169.369995,176.869995,167.339996,171.240005,171.033279,62131000
5/20/2022,173.320007,174.100006,157.550003,166.940002,166.73848,73910500
5/23/2022,162.740005,169.149994,161.789993,168.979996,168.776016,63988900
5/24/2022,165.100006,165.970001,157.800003,161.539993,161.345001,58855000
5/25/2022,160.199997,171.110001,160,169.75,169.545074,78113200
5/26/2022,160.360001,180.919998,160.220001,178.509995,178.29451,99657500
5/27/2022,181.860001,188.809998,181,188.110001,187.882904,73837900
5/31/2022,189.800003,192,183.5,186.720001,186.494583,66410000
6/1/2022,187.240005,190.529999,181.220001,183.199997,182.978851,54451400
6/2/2022,182.919998,196.190002,181.979996,195.919998,195.683487,64865600
6/3/2022,190.820007,193.320007,185.220001,187.199997,186.973999,59877900
6/6/2022,191.389999,193.369995,185.639999,187.860001,187.633224,42240600
6/7/2022,184.720001,190,181.880005,189.259995,189.03154,38891400
6/8/2022,187.990005,191.800003,185.350006,186.479996,186.294281,36325200
6/9/2022,184.809998,189.330002,180.410004,180.479996,180.300217,39557400
6/10/2022,176,176.970001,168.690002,169.740005,169.570938,46524800
6/13/2022,160,163.119995,156.059998,156.470001,156.314148,60415300
6/14/2022,157.309998,160.660004,154.119995,158.360001,158.202286,46968000
6/15/2022,160.949997,168.679993,159.259995,165.270004,165.105392,56393600
6/16/2022,158.600006,159.419998,154.009995,156.009995,155.854599,54574900
6/17/2022,156.479996,159.949997,153.279999,158.800003,158.64183,63033400
6/21/2022,164.75,170.080002,164.070007,165.660004,165.494995,48308900
6/22/2022,162.259995,166.619995,161.800003,163.600006,163.437057,43713500
6/23/2022,165.190002,165.850006,158.529999,162.25,162.088394,46368000
6/24/2022,165,171.399994,163.100006,171.259995,171.089417,47215300
6/27/2022,173.119995,173.300003,166.259995,168.690002,168.521988,42796800
6/28/2022,169,172.020004,159.449997,159.820007,159.660812,46114900
6/29/2022,158.139999,158.199997,151.699997,155.419998,155.265213,48235200
6/30/2022,153.610001,155.669998,148.619995,151.589996,151.439011,68607000
7/1/2022,148.990005,150.630005,143.919998,145.229996,145.085342,57761000
7/5/2022,141.75,149.710007,140.550003,149.639999,149.490952,65139700
7/6/2022,150.100006,153.190002,147.889999,151.300003,151.149307,52906600
7/7/2022,154.559998,159.449997,153.889999,158.580002,158.422043,49290300
7/8/2022,154.300003,160.369995,153.889999,158.380005,158.222244,46797200
7/11/2022,155.259995,155.270004,150.380005,151.520004,151.36911,43732100
7/12/2022,152.679993,154.309998,148.770004,150.820007,150.669769,45848300
7/13/2022,145.899994,153.75,144.649994,151.639999,151.488953,52191800
7/14/2022,151.080002,154.729996,147.279999,153.720001,153.566895,45623500
7/15/2022,156.589996,157.820007,154.449997,157.619995,157.463013,38593500
7/18/2022,163.020004,168.970001,160.020004,161.009995,160.849609,67051700
7/19/2022,164.860001,171.100006,161.720001,169.919998,169.750763,70236600
7/20/2022,169.470001,179.330002,168.009995,178.070007,177.892639,76053800
7/21/2022,178.850006,181.440002,175.449997,180.5,180.320221,55704900
7/22/2022,178.929993,179.669998,171.369995,173.190002,173.017517,53667100
7/25/2022,170.190002,171.240005,166.490005,170.240005,170.07045,48074800
7/26/2022,168.889999,169.190002,164.779999,165.330002,165.165329,39786500
7/27/2022,170.320007,179.360001,169.130005,177.899994,177.722794,56977600
7/28/2022,179.75,181.399994,174.399994,179.839996,179.660889,47464600
7/29/2022,178.130005,182.440002,176.919998,181.630005,181.449097,43546000
8/1/2022,181.820007,188.460007,179.899994,184.410004,184.226318,47646900
8/2/2022,181.220001,189.380005,180.919998,185.259995,185.075485,48952700
8/3/2022,181.839996,189.679993,181.369995,188.929993,188.741806,41814600
8/4/2022,188.490005,192.740005,187.600006,192.149994,191.958618,40965200
8/5/2022,188.100006,192.289993,186.660004,189.889999,189.700867,38606800
8/8/2022,175.020004,182.389999,172.419998,177.929993,177.752792,98185900
8/9/2022,172.520004,174.470001,167.240005,170.860001,170.689804,66826300
8/10/2022,176.979996,181.179993,173.169998,180.970001,180.789749,59742200
8/11/2022,181.309998,187.070007,178.759995,179.419998,179.241287,50932700
8/12/2022,181.600006,187.179993,179.529999,187.089996,186.903641,47809400
8/15/2022,187.009995,191.639999,186.130005,190.320007,190.130432,45766600
8/16/2022,189.199997,191.419998,185.009995,188.789993,188.601944,45124000
8/17/2022,185.229996,186.880005,181.449997,183.350006,183.167404,44679900
8/18/2022,183.009995,188.649994,181.830002,187.729996,187.543015,41544700
8/19/2022,184.059998,185.199997,177.699997,178.490005,178.312241,44158800
8/22/2022,174.899994,175.580002,169.660004,170.339996,170.170334,40959300
8/23/2022,169.889999,174.649994,169.699997,171.809998,171.63887,36998600
8/24/2022,170.119995,174.059998,168.949997,172.220001,172.048462,52266100
8/25/2022,168.440002,179.470001,168.330002,179.130005,178.951584,77069100
8/26/2022,178.570007,179.240005,162.369995,162.600006,162.438049,76912700
8/29/2022,160.199997,163.380005,157.669998,158.009995,157.852615,49613200
8/30/2022,159.600006,160.389999,151.820007,154.679993,154.525925,53018100
8/31/2022,153.839996,155.399994,149.589996,150.940002,150.789673,57371000
9/1/2022,142.089996,143.800003,132.699997,139.369995,139.231186,117886500
9/2/2022,141,141.710007,135.910004,136.470001,136.334091,74315700
9/6/2022,137.309998,137.789993,133.509995,134.649994,134.515884,53575100
9/7/2022,135.630005,138.380005,133.460007,137.139999,137.044113,51265700
9/8/2022,134.589996,140.080002,133.690002,139.899994,139.80217,62487300
9/9/2022,141.570007,144.740005,141.259995,143.869995,143.769409,48661200
9/12/2022,143.690002,145.470001,141.979996,145.050003,144.948578,48415900
9/13/2022,138.020004,139.220001,130.990005,131.309998,131.218185,71495600
9/14/2022,132.539993,132.899994,129.130005,131.279999,131.188217,58850700
9/15/2022,130.149994,132.330002,127.900002,129.289993,129.199585,52362500
9/16/2022,127.419998,132.119995,126.169998,131.979996,131.887726,67075100
9/19/2022,130.119995,134.630005,130.100006,133.820007,133.726456,56968500
9/20/2022,132.149994,134.830002,130.570007,131.759995,131.667877,52481800
9/21/2022,132.130005,140.309998,131.100006,132.610001,132.517273,80767900
9/22/2022,130.699997,131.490005,124.279999,125.610001,125.522186,75916200
9/23/2022,124.199997,126.110001,122.57,125.160004,125.072502,66330900
9/26/2022,124.910004,126.589996,122.139999,122.279999,122.194511,54734300
9/27/2022,125.07,127.360001,122.580002,124.129997,124.043221,55385400
9/28/2022,124.099998,128.229996,123.540001,127.360001,127.27095,54241400
9/29/2022,124.480003,125,119.459999,122.199997,122.114563,53276300
9/30/2022,120.870003,126.330002,120.75,121.389999,121.30513,56563800
10/3/2022,123.470001,126.779999,121.050003,125.120003,125.032524,54747800
10/4/2022,128.789993,132.199997,128.789993,131.669998,131.577927,58418200
10/5/2022,129.110001,133.210007,126.209999,132.089996,131.997635,50713100
10/6/2022,132.199997,136.559998,131.029999,131.300003,131.208191,64415700
10/7/2022,125.050003,126.699997,120.220001,120.760002,120.675575,67247800
10/10/2022,120.370003,121.239998,114.080002,116.699997,116.618401,69869900
10/11/2022,115.610001,118.459999,112.830002,115.860001,115.779007,66748200
10/12/2022,115.790001,117.349998,113.449997,115,114.919601,49259000
10/13/2022,109.709999,120.779999,108.129997,119.599998,119.516373,85010300
10/14/2022,120.57,121.110001,112.040001,112.269997,112.191498,71343200
10/17/2022,115.18,119.480003,115.169998,118.879997,118.796883,58077400
10/18/2022,123.440002,124.919998,116.18,119.669998,119.586327,65936200
10/19/2022,118.790001,123.5,118.339996,120.510002,120.425743,52313100
10/20/2022,121.129997,127.690002,121.050003,121.940002,121.854744,65239800
10/21/2022,120.980003,124.980003,118.870003,124.660004,124.572845,60949400
10/24/2022,125.080002,127.099998,120.639999,125.989998,125.901901,51745700
10/25/2022,126.940002,133,126.639999,132.610001,132.517273,50548200
10/26/2022,128.690002,133.880005,127.080002,128.960007,128.869843,53295300
10/27/2022,136.300003,138.380005,131.220001,131.759995,131.667877,58311300
10/28/2022,131.039993,138.5,130.610001,138.339996,138.243271,52104000
10/31/2022,137.779999,138.380005,132.970001,134.970001,134.875641,48634100
11/1/2022,138.110001,139.25,135.190002,135.429993,135.335312,43281700
11/2/2022,138.5,142.100006,132.110001,132.190002,132.09758,67262800
11/3/2022,130.429993,137.809998,129.559998,134.210007,134.11618,50006500
11/4/2022,139.860001,142.289993,136.970001,141.559998,141.461014,61257600
11/7/2022,142.279999,144.119995,139.539993,143.009995,142.910004,41006100
11/8/2022,148.009995,148.910004,142.160004,146.020004,145.917923,59529200
11/9/2022,141.619995,142.110001,137.589996,137.759995,137.663681,45441400
11/10/2022,148,157.729996,145.470001,157.5,157.389893,70081900
11/11/2022,158.070007,163.889999,154.820007,163.270004,163.155853,65548700
11/14/2022,162.179993,165.399994,159.220001,162.949997,162.836075,52785200
11/15/2022,167.220001,169.979996,163.820007,166.660004,166.543503,54587600
11/16/2022,161.619995,163.619995,158.729996,159.100006,158.988754,64954700
11/17/2022,157.149994,162.660004,155.350006,156.770004,156.6604,71089400
11/18/2022,159.660004,160.020004,151.199997,154.089996,153.982239,49207200
11/21/2022,151.470001,154.770004,150.800003,153.169998,153.062897,40473900
11/22/2022,153.279999,160.580002,151.220001,160.380005,160.267883,47286600
11/23/2022,160.979996,165.270004,160.479996,165.190002,165.074509,42724100
11/25/2022,163.179993,164.869995,161.720001,162.699997,162.586258,16793400
11/28/2022,160.259995,163.570007,157.25,158.270004,158.159348,30374100
11/29/2022,158.270004,159.320007,155.199997,156.389999,156.28067,29838400
11/30/2022,156.970001,169.300003,155.970001,169.229996,169.154953,56529800
12/1/2022,169.990005,172.649994,166.350006,171.350006,171.274002,47097700
12/2/2022,166.589996,169.330002,164.449997,168.759995,168.68515,37138900
12/5/2022,166.789993,169.949997,164.720001,166.100006,166.026352,35225500
12/6/2022,165.300003,165.729996,158.190002,159.869995,159.799088,35269400
12/7/2022,157.720001,161.860001,156.669998,161.199997,161.128494,37238800
12/8/2022,162.729996,171.789993,159.589996,171.690002,171.613861,51545600
12/9/2022,171.600006,175.830002,169.75,170.009995,169.934586,46533800
12/12/2022,170.369995,175.380005,167.970001,175.350006,175.272247,45732800
12/13/2022,185.309998,187.899994,177.110001,180.720001,180.639862,65658900
12/14/2022,179.869995,182.520004,174.199997,176.740005,176.661621,49688800
12/15/2022,171.460007,173.199997,167,169.520004,169.444824,47854200
12/16/2022,168.639999,170.410004,164.100006,165.710007,165.636505,47823200
12/19/2022,165.720001,166.089996,161.449997,162.539993,162.467896,35403900
12/20/2022,160.639999,163.100006,158.520004,160.850006,160.778656,40326000
12/21/2022,161.139999,166.270004,161.020004,165.009995,164.936813,32502500
12/22/2022,160.940002,161.380005,148.820007,153.389999,153.32196,56504500
12/23/2022,151.960007,153.389999,148.830002,152.059998,151.992554,34932600
12/27/2022,150.740005,151,140.559998,141.210007,141.147385,46490200
12/28/2022,139.270004,142.619995,138.839996,140.360001,140.297745,35106600
12/29/2022,144.020004,146.830002,142.270004,146.029999,145.96524,35492300
12/30/2022,143.339996,146.289993,142.330002,146.139999,146.07518,31049000
1/3/2023,148.509995,149.960007,140.960007,143.149994,143.086487,40127700
1/4/2023,145.669998,148.529999,142.410004,147.490005,147.424591,43132400
1/5/2023,144.910004,145.639999,141.479996,142.649994,142.586731,38916800
1/6/2023,144.740005,150.100006,140.339996,148.589996,148.524094,40504400
1/9/2023,152.839996,160.559998,151.410004,156.279999,156.210693,50423100
1/10/2023,155.070007,159.619995,154.720001,159.089996,159.019424,38410100
1/11/2023,158.399994,160.279999,155.630005,160.009995,159.939041,35328500
1/12/2023,161,166.369995,154.919998,165.110001,165.036774,55140900
1/13/2023,162.779999,169.220001,161.649994,168.990005,168.915054,44728700
1/17/2023,168.990005,177.279999,168.990005,177.020004,176.941498,51110200
1/18/2023,176.669998,178.729996,172.820007,173.770004,173.692932,43962400
1/19/2023,170.360001,171.970001,167.309998,167.649994,167.575638,45293200
1/20/2023,170.110001,178.559998,168.25,178.389999,178.310867,56496700
1/23/2023,180.639999,192.449997,178.179993,191.929993,191.844864,65516300
1/24/2023,188.270004,194.949997,188.199997,192.649994,192.564545,49620400
1/25/2023,189.130005,193.699997,185.800003,193.229996,193.144302,44953700
1/26/2023,197.009995,201.660004,192.779999,198.020004,197.932175,48953500
1/27/2023,194.619995,206.279999,194.050003,203.649994,203.559677,54214200
1/30/2023,199.5,201.399994,191.5,191.619995,191.535019,48861100
1/31/2023,191.699997,196.869995,189.5,195.369995,195.28334,49801700
2/1/2023,196.910004,211.919998,196.110001,209.429993,209.337112,66047700
2/2/2023,210,219.490005,207,217.089996,216.993698,56427600
2/3/2023,210,217.449997,207.889999,211,210.906403,42936600
2/6/2023,208.059998,215.699997,207.860001,210.889999,210.796463,45219700
2/7/2023,213.820007,222.589996,211.5,221.729996,221.631653,66415000
2/8/2023,223.869995,228.779999,220.080002,222.050003,221.951523,55965100
2/9/2023,226.059998,230.199997,221.199997,223.369995,223.270935,52387600
2/10/2023,216.899994,220.779999,208.110001,212.649994,212.555679,55073700
2/13/2023,215.380005,220.479996,209.619995,217.880005,217.783386,47491900
2/14/2023,215.779999,230.490005,213.660004,229.710007,229.608109,67547400
2/15/2023,225.490005,228.550003,221.059998,227.639999,227.539032,42057500
2/16/2023,221.330002,225.5,219.270004,220.020004,219.922424,41202600
2/17/2023,216.309998,217.399994,209.75,213.880005,213.785156,46588800
2/21/2023,210,214.940002,206.179993,206.550003,206.458389,41001500
2/22/2023,207.070007,211.039993,204.210007,207.539993,207.447952,51318400
2/23/2023,234.399994,238.880005,230.25,236.639999,236.535049,111799500
2/24/2023,232.25,234.740005,229.470001,232.860001,232.756714,58971600
2/27/2023,236.699997,238.800003,234.539993,235.009995,234.905762,45299400
2/28/2023,233.720001,238.25,232.059998,232.160004,232.057037,45596300
3/1/2023,231.919998,232.559998,225.080002,226.979996,226.879318,46002600
3/2/2023,224.880005,233.800003,224.320007,233.139999,233.036606,38941500
3/3/2023,233.199997,239,231.300003,238.899994,238.794052,41239300
3/6/2023,238.910004,242.479996,234.869995,235.539993,235.435532,43742900
3/7/2023,236,241.25,232.410004,232.880005,232.816254,51515400
3/8/2023,234.869995,242,234.240005,241.809998,241.743805,51357300
3/9/2023,241.75,244.539993,233.830002,234.360001,234.295853,50125700
3/10/2023,234.089996,236.270004,227.259995,229.649994,229.587128,47486600
3/13/2023,227.520004,232.979996,222.970001,229.660004,229.597137,42189000
3/14/2023,234.960007,242.190002,234.600006,240.630005,240.564133,47491000
3/15/2023,237.610001,242.860001,233.600006,242.279999,242.213669,52448600
3/16/2023,240.270004,255.880005,238.940002,255.410004,255.340073,58325300
3/17/2023,259.820007,263.98999,256.679993,257.25,257.179596,84854700
3/20/2023,256.149994,260.23999,251.300003,259,258.929108,43274700
3/21/2023,261.799988,263.920013,253.809998,261.98999,261.918274,54740800
3/22/2023,264.25,275.890015,262.369995,264.679993,264.607544,79729500
3/23/2023,271.149994,274.98999,266.899994,271.910004,271.835571,56488900
3/24/2023,270.309998,271.670013,263.549988,267.790009,267.716705,45492000
3/27/2023,268.369995,270,263.649994,265.309998,265.237396,36102600
3/28/2023,264.470001,265.130005,258.5,264.100006,264.02771,35610400
3/29/2023,268.25,270.779999,265.970001,269.839996,269.766144,39369400
3/30/2023,272.290009,274.98999,271.019989,273.829987,273.755035,36451600
3/31/2023,271.399994,278.339996,271.049988,277.769989,277.693939,43393300
4/3/2023,275.089996,280,273.359985,279.649994,279.573425,39871600
4/4/2023,279.660004,280,273.070007,274.529999,274.454834,36859200
4/5/2023,268.290009,269.980011,263.950012,268.809998,268.73645,51501500
4/6/2023,265.839996,270.799988,264.269989,270.369995,270.295959,39765400
4/10/2023,268.230011,276.209991,266.690002,275.790009,275.714508,39527900
4/11/2023,277.23999,277.899994,271.26001,271.690002,271.615631,31437800
4/12/2023,273.700012,274.679993,264.480011,264.950012,264.877502,44625900
4/13/2023,267.339996,268.869995,263.290009,264.630005,264.557587,35361500
4/14/2023,265.040009,268.829987,262.200012,267.579987,267.506744,39566000
4/17/2023,265.649994,270.059998,264.329987,270.019989,269.946075,32147100
4/18/2023,275.329987,281.100006,273.570007,276.670013,276.594269,60481200
4/19/2023,273.609985,280,272.320007,279.309998,279.233521,35866000
4/20/2023,276.709991,280.299988,270,271.040009,270.96582,42771300
4/21/2023,269.519989,271.829987,267.220001,271.190002,271.115784,34510300
4/24/2023,270.130005,273.660004,266.709991,270.420013,270.345978,33928200
4/25/2023,270.779999,272.470001,262.25,262.410004,262.338165,37852700
4/26/2023,270.019989,273.299988,267.049988,269.559998,269.486206,40633700
4/27/2023,273.630005,274.950012,266.25,272.26001,272.185486,37716100
4/28/2023,272.25,277.579987,270.709991,277.48999,277.414032,29168700
5/1/2023,278.399994,290.579987,277.799988,289.100006,289.020874,57032900
5/2/2023,286.799988,288.359985,280.829987,282.100006,282.022797,40273000
5/3/2023,278.399994,283.670013,274.720001,278.019989,277.943878,38338700
5/4/2023,276.51001,278.589996,272.399994,275.619995,275.544556,32185000
5/5/2023,278.26001,287.549988,277.309998,286.799988,286.721497,36101400
5/8/2023,285.220001,292.200012,283.5,291.51001,291.430206,34497900
5/9/2023,288.98999,289.730011,284.5,285.709991,285.631775,31486900
5/10/2023,290.049988,291.130005,284.609985,288.850006,288.770935,36935000
5/11/2023,288.959991,289.5,282.459991,285.779999,285.701782,32214900
5/12/2023,285.290009,287.799988,280.459991,283.399994,283.322418,27402700
5/15/2023,285.079987,289.690002,281.519989,289.529999,289.450745,29392600
5/16/2023,288.410004,298.700012,288.320007,292.130005,292.050049,44940500
5/17/2023,295.839996,301.98999,294.299988,301.779999,301.697418,43253500
5/18/2023,304.100006,318.279999,303.200012,316.779999,316.693268,74872500
5/19/2023,315.359985,315.799988,309.160004,312.640015,312.554413,47312400
5/22/2023,309.01001,315.200012,306.799988,311.76001,311.674683,37200000
5/23/2023,310,312.880005,306.309998,306.880005,306.796021,35625300
5/24/2023,302.100006,306.070007,298.059998,305.380005,305.296417,72141900
5/25/2023,385.230011,394.799988,366.350006,379.799988,379.696014,154391100
5/26/2023,378.899994,391.700012,375.5,389.459991,389.353394,71439700
5/30/2023,405.950012,419.380005,399.48999,401.109985,401.000183,92340100
5/31/2023,394.880005,402.950012,378.220001,378.339996,378.23642,100258000
6/1/2023,384.890015,400.5,383.399994,397.700012,397.591156,63587300
6/2/2023,400.970001,405,390.579987,393.269989,393.162354,48165500
6/5/2023,389.089996,395.649994,387.070007,391.709991,391.602783,39609400
6/6/2023,388.299988,391.600006,381.480011,386.540009,386.434204,38872900
6/7/2023,389.149994,394.98999,373.559998,374.75,374.686188,51199800
6/8/2023,377.23999,388.640015,375.049988,385.100006,385.034454,41777200
6/9/2023,390.369995,397.109985,385.670013,387.700012,387.634003,42722000
6/12/2023,392,395.299988,386.179993,394.820007,394.752777,38870100
6/14/2023,401.859985,411.01001,397.399994,410.220001,410.150146,61320800
,408.23999,430,405.519989,429.970001,429.89679,74046500
6/15/2023,426.019989,432.890015,421.470001,426.529999,426.457367,56862200
6/16/2023,434.5,437.209991,426.609985,426.920013,426.847321,65475500
6/20/2023,429.980011,439.899994,426.73999,438.079987,438.005402,45115300
6/21/2023,435.01001,436.149994,420.799988,430.450012,430.376709,55160300
6/22/2023,422.529999,434.26001,422.339996,430.25,430.176758,41773700
6/23/2023,424.640015,428.089996,420.149994,422.089996,422.018127,35632300
6/26/2023,424.609985,427.640015,401,406.320007,406.250793,59432200
6/27/2023,407.98999,419.399994,404.480011,418.76001,418.688721,46217500
6/28/2023,406.600006,418.450012,405.179993,411.170013,411.099976,58263900
6/29/2023,415.579987,416,406,408.220001,408.150482,38051400
6/30/2023,416.799988,425.5,415.01001,423.019989,422.947937,50053400
7/3/2023,425.170013,428.980011,422.019989,424.130005,424.05777,19820900
7/5/2023,421.350006,431.769989,420.850006,423.170013,423.097961,32361800
7/6/2023,418.440002,421.790009,413.459991,421.029999,420.958313,30358200
7/7/2023,423.220001,432.140015,421.799988,425.029999,424.957642,35525300
7/10/2023,426.570007,428.109985,416.48999,421.799988,421.72818,35390800
7/11/2023,424.809998,427.579987,420.670013,424.049988,423.977753,29824400
7/12/2023,430.329987,439.350006,427.769989,439.019989,438.945221,48127700
7/13/2023,445.179993,461.549988,444.920013,459.769989,459.691681,47820400
7/14/2023,465.829987,480.880005,450.600006,454.690002,454.612579,77066400
7/17/2023,462.890015,464.959991,452.619995,464.609985,464.530884,51048800
7/18/2023,467.01001,478.959991,457.339996,474.940002,474.859131,57019000
7/19/2023,474.640015,478.179993,467.420013,470.769989,470.689819,42750200
7/20/2023,465.070007,470.869995,450.619995,455.200012,455.122498,53786500
7/21/2023,457.880005,458.660004,441,443.089996,443.014557,96283200
7/24/2023,447.309998,451.089996,440.399994,446.119995,446.044037,38251600
7/25/2023,449.410004,461.829987,449.230011,456.790009,456.712219,34808100
7/26/2023,460.209991,460.529999,446.299988,454.519989,454.442596,36423700
7/27/2023,465.190002,473.950012,457.5,459,458.921844,45597600
7/28/2023,466.679993,470.269989,463.809998,467.5,467.42038,33119400
7/31/2023,467.540009,471.299988,465.059998,467.290009,467.210449,25105500
8/1/2023,464.600006,469,460.269989,465.070007,464.990814,23785800
8/2/2023,458.309998,458.399994,433.869995,442.690002,442.614624,53014200
8/3/2023,438,451.179993,438,445.149994,445.074219,32417600
8/4/2023,449.850006,456.420013,443.929993,446.799988,446.723907,36225800
8/7/2023,451.109985,455.399994,445.630005,454.170013,454.092682,32215400
8/8/2023,448.529999,452.420013,440.559998,446.640015,446.563965,35384300
8/9/2023,442.73999,443.119995,421.339996,425.540009,425.467529,58644900
8/10/2023,421.600006,435.73999,418.350006,423.880005,423.807831,49270500
8/11/2023,417.51001,420.179993,406.390015,408.549988,408.480408,53200900
8/14/2023,404.859985,438,403.109985,437.529999,437.455505,69028600
8/15/2023,445.600006,452.679993,437.100006,439.399994,439.325165,67651200
8/16/2023,445.200012,446.75,434.059998,434.859985,434.785919,52745100
8/17/2023,439.700012,440.619995,430.01001,433.440002,433.36618,45239500
8/18/2023,426.350006,435.779999,416.600006,432.98999,432.91626,58262200
8/21/2023,444.940002,470.649994,442.220001,469.670013,469.590027,69257300
8/22/2023,481.350006,481.869995,453.329987,456.679993,456.602203,75720700
8/23/2023,458.660004,472,452.079987,471.160004,471.079773,77904600
8/24/2023,502.160004,502.660004,471.589996,471.630005,471.549683,115604400
8/25/2023,470.119995,478.049988,450.23999,460.179993,460.101624,92534100
8/28/2023,464.820007,469.799988,448.880005,468.350006,468.270264,68519200
8/29/2023,466.660004,490.809998,463.910004,487.839996,487.756927,70139700
8/30/2023,490.440002,499.269989,484.25,492.640015,492.556122,73520600
8/31/2023,493.799988,497.440002,489.579987,493.549988,493.465942,52857000
9/1/2023,497.619995,498,481.420013,485.089996,485.007416,46319100
9/5/2023,482.230011,488.51001,478.600006,485.480011,485.397339,38265300
9/6/2023,484.410004,485.48999,465.799988,470.609985,470.568604,46867000
9/7/2023,455.25,463.440002,451.519989,462.410004,462.369354,43333000
9/8/2023,459.420013,466.059998,452.709991,455.720001,455.679932,47306900
9/9/2023,461.480011,461.630005,443.119995,451.779999,451.740265,47396600
9/10/2023,447.380005,456.730011,445.309998,448.700012,448.660553,34925600
9/11/2023,446,459.299988,445.029999,454.850006,454.810028,39835500
9/12/2023,459.5,459.869995,451.309998,455.809998,455.769928,37009700
9/13/2023,453.410004,455.98999,438.079987,439,438.961395,50571300
9/14/2023,427.480011,442.420013,420,439.660004,439.621338,50027100
9/19/2023,438.329987,439.660004,430.019989,435.200012,435.161743,37306400
9/20/2023,436,439.029999,422.230011,422.390015,422.352875,36710800
9/21/2023,415.829987,421,409.799988,410.170013,410.133942,44893000
9/22/2023,415.720001,421.149994,412.309998,416.100006,416.063416,47923600
9/25/2023,415.910004,425.359985,411.769989,422.220001,422.182892,41909100
9/26/2023,420.01001,428.200012,416.549988,419.109985,419.073151,40228200
9/27/2023,423.299988,428.720001,416.290009,424.679993,424.64267,44493500
9/28/2023,424.600006,434.459991,421.149994,430.890015,430.852142,42466300
9/29/2023,438.269989,441.440002,433.070007,434.98999,434.951752,39722100
10/2/2023,440.299988,451.75,438.609985,447.820007,447.78064,43329800
10/3/2023,448.079987,451.299988,432.459991,435.170013,435.131744,47085000
10/4/2023,437.420013,441.429993,432.920013,440.410004,440.371277,36182100
10/5/2023,440.5,449,438.880005,446.880005,446.840729,39348300
10/6/2023,441.929993,457.890015,440.26001,457.619995,457.579773,43339700
10/9/2023,448.420013,456.049988,443.679993,452.730011,452.690216,40967500
10/10/2023,453.100006,462.589996,450.880005,457.980011,457.939758,36858200
10/11/2023,461.959991,468.589996,460.5,468.059998,468.01886,37813700
10/12/2023,467.769989,476.089996,463.299988,469.450012,469.408752,48132500
10/13/2023,469.600006,471.160004,452.799988,454.609985,454.570007,47411500
10/16/2023,450.630005,462.25,449.119995,460.950012,460.909485,37509900
10/17/2023,440,447.540009,424.799988,439.380005,439.34137,81233300
10/18/2023,425.910004,432.190002,418.25,421.959991,421.922882,62729400
10/19/2023,428.109985,432.970001,418.820007,421.01001,420.972992,50123300
10/20/2023,418.899994,424.700012,410.779999,413.869995,413.833618,47638100
10/23/2023,412.290009,432.480011,409.450012,429.75,429.712219,47853000
10/24/2023,430.769989,436.970001,426.910004,436.630005,436.591614,40146300
10/25/2023,433.980011,436.5,415.549988,417.790009,417.753265,39837900
10/26/2023,418.529999,422.559998,398.799988,403.26001,403.224548,54100100
10/27/2023,411.299988,412.059998,400.149994,405,404.964386,41678400
10/30/2023,410.869995,417.660004,404.809998,411.609985,411.573792,38802800
10/31/2023,404.5,408.790009,392.299988,407.799988,407.76413,51796900
11/1/2023,408.839996,423.809998,408.690002,423.25,423.212799,43759300
11/2/2023,433.279999,438.839996,428.940002,435.059998,435.021759,40917200
11/3/2023,440.200012,453.089996,437.230011,450.049988,450.010406,42385500
11/6/2023,452.850006,459.350006,448.98999,457.51001,457.469788,40073300
11/7/2023,457.190002,462.179993,451.579987,459.549988,459.509583,34316500
11/8/2023,461,468.670013,459.679993,465.73999,465.699036,34671900
11/9/2023,474.670013,482.299988,467.5,469.5,469.45871,54049600
11/10/2023,475,484.720001,472.829987,483.350006,483.307526,42124500
11/13/2023,483.200012,491.160004,480.98999,486.200012,486.157257,38413600
11/14/2023,496.799988,498.339996,490.399994,496.559998,496.516327,41695400
11/15/2023,499.350006,499.600006,482,488.880005,488.837036,47549700
11/16/2023,486.790009,495.25,483.299988,494.799988,494.7565,33975600
11/17/2023,495.23999,497.170013,490.070007,492.980011,492.936676,32520500
11/20/2023,493.119995,505.480011,491.809998,504.089996,504.045685,41412000
11/21/2023,501.26001,505.170013,492.220001,499.440002,499.396088,56574700
11/22/2023,498.519989,503.350006,476.899994,487.160004,487.117188,89942000
11/24/2023,484.700012,489.209991,477.450012,477.76001,477.718018,29464500
11/27/2023,478,485.299988,476.519989,482.420013,482.377594,39566200
11/28/2023,482.359985,483.230011,474.730011,478.209991,478.167938,40149100
11/29/2023,483.790009,487.619995,478.600006,481.399994,481.357666,38200500
11/30/2023,480.23999,481.100006,464.220001,467.700012,467.658905,52624700
12/1/2023,465.25,472,461.869995,467.649994,467.608887,36880900
12/4/2023,460.769989,460.769989,450.100006,455.100006,455.059998,43754300
12/5/2023,454.660004,466,452.709991,465.660004,465.660004,37171800
12/6/2023,472.149994,473.869995,454.119995,455.029999,455.029999,38059000
12/7/2023,457,466.290009,456.040009,465.959991,465.959991,35082300
12/8/2023,465.950012,477.410004,465.5,475.059998,475.059998,35880300
12/11/2023,474.910004,475.309998,458.299988,466.269989,466.269989,50972800
12/12/2023,460.459991,476.660004,460.459991,476.570007,476.570007,37238700
12/13/2023,476.290009,485.940002,476.079987,480.880005,480.880005,44779200
12/14/2023,483.899994,486.700012,474.220001,483.5,483.5,39123200
12/15/2023,481.940002,494.040009,481.200012,488.899994,488.899994,47947800
